LiAlSi3O8, 1.30E-10̅,,C-1,2,,81980,1
LiSn2(PO4)3,2.04E-9̅,,P-1,2,,83832,2
Li7BiO6,8.80E-07,0.58̅,P-1,2,,155950,3
Li7SbO6,6.70E-08,0.7̅,P-1,2,,413370,3
Li7P3S11,1.70E-02,0.17̅,P-1,2,,157654,4
Li7P3S11,3.2E-3,0.124,P1̅,2,,157654,5
LiV(PO4)F,8.1E-7,0.23,P1̅,2,,183876,6
Li2B3PO8,5.80E-15,0.76,P1̅,2,,248343,7
Li3BP2O8,9.60E-12,0.62,P1̅,2,,248343,7
Li2NaBP2O8,4.40E-18,1.21,P1̅,2,,291512,7
Li4P2O7,<1E-10,1.617,P1̅,2,,248414,8
LiMgSO4F,5.40E-08,0.54,P1̅,2,,281119,9
"",,,,,β-,,
Li6CuB4O10,1.00E-13,0.92,P1̅,2,Li6CuB4,4819,10
"",,,,,O10,,
Li0.91Hf2.022(PO )  4 3,<1E-10,0.47,C1̅,2,,,11
Li7P3S11,8.6E-3,0.29,P1̅,2,,,12
Li2ZnGeO4,1.00E-07,0.4,Pc,7,,34362,13
Li3.8Ge0.8P0.2S4,1.78E-6,0.47,P21/m,11,,,14
Li3.6Ge0.6P0.4S4,1.75E-4,0.34,P21/m,11,,,14
Li3.4Ge0.4P0.6S4,6.54E-4,0.28,P21/m,11,,,14
Li3.35Ge0.35P0.65S4,1.54E-3,0.23,P21/m,11,,,14
Li3.3Ge0.3P0.7S4,1.74E-3,0.22,P21/m,11,,,14
Li3.25Ge0.25P0.75S4,2.2E-03,0.207,P21/m,11,,,14
Li3.2Ge0.2P0.8S4,5.55E-4,0.27,P21/m,11,,,14
Li SiS  4 4,5.00E-08,0.56,P2 /m 1,11,,59708,15
Li 7.22 Si 1.5 P 0.5 O8,1.64E-7,0.48,P21/m,11,,238602,16
Li4SiO4,5.00E-10,0.55,P21/m,11,,238603,17
Li4SiS4,1.59E-8,0.56,P2 /m 1,11,,,18
Li3.8Si0.8P0.2S4,8.11E-7,0.37,P2 /m 1,11,,,18
Li3.6Si0.6P0.4S4,7.19E-5,0.34,P21/m,11,,,18
Li3.5Si0.5P05S4,1.66E-4,0.34,P2 /m 1,11,,,18
Li3.4Si0.4P0.6S4,6.62E-4,0.29,P21/m,11,,,18
Li3.3Si0.3P0.7S4,1.02E-5,0.36,P21/m,11,,,18
Li3.2Si0.2P0.8S4,3.20E-6,0.37,P21/m,11,,,18
Li4SiS4,1.62E-8,0.56,P21/m,11,,,18
Li3.8Si0.8P0.2S4,8.07E-7,0.37,P21/m,11,,,18
Li3.6Si0.6P0.4S4,7.11E-5,0.34,P21/m,11,,,18
Li 3.5 Si 0.5 P 0.5 S  4,1.61E-4,0.34,P21/m,11,,,18
Li3.4Si0.4P0.6S4,6.49E-4,0.29,P2 /m 1,11,,,18
Li3.3Si0.3P0.7S4,9.84E-6,0.36,P21/m,11,,,18
Li3.2Si0.2P0.8S4,3.05E-6,0.37,P21/m,11,,,18
Li3.1P0.9Si0.1O4,7.47E-8,,P21/m,11,,,19
Li3.5P0.5Si0.5O4,2.89E-6,,P21/m,11,,,19
Li3.9P0.1Si0.9O4,1.99E-8,,P21/m,11,,,19
Li3.7P0.3Si0.7O4,3.84E-7,,P21/m,11,,35168,19
Li3InCl6,2.04E-3,0.35,C2/m,12,,89617,20
Li2P2S6,7.80E-11,0.48,C2/m,12,,253894,21
Li0.6[Li0.2Sn0.8S2],1.2E−4,0.17,C2/m,12,,,22
Li3(Mo8S8O8(OH)8(HWO5(H2O)))*(H2O)18,3.8E-7,0.62,C2/m,12,,412011,23
Li17Sb13S28,1.05E-9,0.4,C2/m,12,,429902,24
Li3InBr6,9.04E-4,,C2/m,12,,,25
Li3YBr6,1.92E-3,0.37,C2/m,12,,,26
Li0.84Sn0.79S2,1.2E-4,0.17,C2/m,12,,,27
LiAlSi4O10,1.01E-10,,P2/c,13,,194284,1
LiPO3,1.00E-09,,P2/c,13,,51630,28
LiGaBr4,7.00E-6,0.54,P21/c,14,,61337,25
Li2SO4,1.40E-14,1.1,P21/c,14,,2512,29
Li3BO3,7.40E-11,0.63,P21/c,14,,9105,30
Li6Ge2O7,8.50E-07,0.43,P21/c,14,,31050,31
LiAlCl4,1.00E-06,0.47,P21/c,14,,35275,32
LiYO  2,1.80E-08,0.72,P2 /c 1,14,,45511,33
LiBO2,1.00E-08,0.71,P21/c,14,,200891,34
LiClC3H7NO,1.6E-4,0.881,P21/c,14,,238683,35
LaLiO2,<1E-10,0.92,P21/c,14,,239278,36
(La0.9Sr0.1)LiO2,6.29E-10,0.62,P21/c,14,,239279,36
La(Li0.76Mg0.08)O2,7.27E-10,0.66,P21/c,14,,239280,36
Li2.5V2(PO4)3,1.9E-7,,P21/c,14,,240269,37
"",,,,,α-,,
Li4Zn(PO4)2,<1E-10,1.3,P21/c,14,Li4Zn(P,255464,38
"",,,,,O4)2,,
LiSbO2,<1E-10,0.88,P21/c,14,,262075,39
Li2Sr2Al(PO4)3,<1E-10,1.02,P21/c,14,,431319,40
Li2ZrO3,6.10E-10,0.78,C2/c,15,,94894,33
Li Zr O  6 2 7,5.20E-10,0.68,C2/c,15,,73835,41
Li3AlF6,5.00E-07,0.54,C2/c,15,,85171,42
Li2SnS3,1.50E-05,0.59,C2/c,15,,251656,43
LiTa2PO8,1.6E-3,0.32,C2/c,15,,267438,44
LiBaP2O7,1.00E-10,,C2/c,15,,280927,45
Li3Na5(TiS4)2,8.80E-06,0.4,C2/c,15,,391258,46
LiGd(PO3)4,<1E-10,1.7,C2/c,15,,416442,47
LiVO3,2.048E-9,,C2/c,15,,51443,48
Li2CrCl4,<1E-10,1.22,C2/c,15,,202627,49
Li3ErI6,9.92E-5,0.37,C2/c,15,,,50
"",,,,,β’-,,
"",,,,,Li3.7Zn0.7,,
Li3.7Zn0.7Ga0.3(PO4)2,<1E-10,0.91,P212121,19,,255466,38
"",,,,,Ga0.3(P,,
"",,,,,O4)2,,
Li3SbS4,1.5E-6,0.518,Pmn21,31,,8407,51
Li3PS4,2.60E-07,0.49,Pmn21,31,γ-Li3PS4,180318,52
LiGaO2,2.40E-14,0.86,Pna21,33,,18152,53
LiB6O9F,5.40E-24,1.38,Pna21,33,,420286,54
Li3SbS3,1.00E-07,0.4,Pna21,33,,424834,55
LiSi2N3,6.17E-08,0.64,Cmc2  1,36,,34118,56
Li2(PO2N),<1E-10,0.57,Cmc21,36,,188493,57
LiGa2GeS6,3.80E-08,0.47,Fdd2,43,,254406,58
La0.64Li0.08TiO3,3.35E-4,,Pmmm,47,,92228,59
La 0.62 Li0.14TiO3,4.42E-4,,Pmmm,47,,92231,59
La0.595Li0.215TiO3,8.53E-4,,Pmmm,47,,92234,59
Li0.4Na0.1La0.5Nb2O6,9.92E-6,,Pmmm,47,,180629,60
Li0.3Na0.2La0.5Nb2O6,1.11E-5,,Pmmm,47,,180630,60
Li 0.2 Na0.3La0.5Nb2O6,1.18E-5,,Pmmm,47,,180631,60
Li0.1Na0.4La0.5Nb2O6,1.21E-5,,Pmmm,47,,180632,60
Li0.07Na0.43La0.5Nb2O6,1.23E-5,,Pmmm,47,,180633,60
Li0.04Na0.46La0.5Nb2O6,5.91E-6,,Pmmm,47,,180634,60
Li 0.02 Na 0.48 La 0.5 Nb O  2 6,3.99E-6,,Pmmm,47,,180635,60
(Ag0.33Li0.67)0.27La0.57TiO,,,,,,,61
"",1E-4,0.30,Pmmm,47,,,
3,,,,,,,
(Ag0.5Li0.5)0.27La0.57TiO3,2.3E-5,0.28,Pmmm,47,,,61
(Ag0.67Li0.33)0.27La0.57TiO,,,,,,,61
"",2E-7,0.37,Pmmm,47,,,
3,,,,,,,
Pr0.56Li0.34TiO3.01,1E-6,0.47,Pmmm,47,,,62
Nd0.55Li0.34TiO3,8E-7,0.53,Pmmm,47,,,62
Li0.09La0.77TiO3,1.23E-4,,Pmmm,47,,,63
Li0.15La0.72TiO3,4.14E-4,,Pmmm,47,,,63
Li0.24La0.65TiO3,5.77E-4,,Pmmm,47,,,63
Li0.12La0.75TiO3,2.38E-4,,Pmmm,47,,,63
Li0.16La0.7TiO3,5.21E-4,,Pmmm,47,,,63
Li0.23La0.7TiO3,5.26E-4,,Pmmm,47,,,63
Li5AlO4,5.00E-10,0.99,Pmmn,59,,16229,64
Li14Nd5(Si11N19O5)O2F2,1.7E-10,0.69,Pmmn,59,,262923,65
"",,,,,α-,,
Li5GaO4,5.00E-09,0.71,Pbca,61,,9082,64
"",,,,,Li5GaO4,,
Li2SiN2,1.60E-07,,Pbca,61,,420126,66
Li6.5O8P1.5Si0.5,4.49E-07,0.44,Pnma,62,,238600,16
Li3.4Si0.7S0.3O4,4.21E-7,,Pnma,62,,47145,67
Li3.2Si0.6S0.4O4,1.32E-6,,Pnma,62,,,67
Li3.1Si0.55S0.45O4,3.14E-7,,Pnma,62,,,67
Li6.6SiPO8,1.48E-7,0.49,Pnma,62,,238601,16
Li4.2Si0.8Al0.2S4,2.40E-8,0.53,Pnma,62,,,18
Li4.4Si0.6Al0.4S4,3.04E-8,0.52,Pnma,62,,,18
Li4.6Si0.4Al0.6S4,1.45E-8,0.52,Pnma,62,,,18
Li4.8Si0.2Al0.8S4,2.25E-7,0.52,Pnma,62,,,18
Li3.8Si0.8Al0.2S4,2.38E-8,0.53,Pnma,62,,,18
Li3.6Si0.6Al0.4S4,3.06E-8,0.52,Pnma,62,,,18
Li3.4Si0.4Al0.6S4,1.45E-8,0.52,Pnma,62,,,18
Li3.2Si0.2Al0.8S4,2.28E-7,0.52,Pnma,62,,,18
"",,,,,β-,,
Li4Zn(PO4)2,<1E-10,1.1,Pnma,62,Li4Zn(P,255465,38
"",,,,,O4)2,,
"",,,,,β-,,
"",,,,,Li3.5Zn0.5,,
Li3.5Zn0.5Ga0.5(PO4)2,<1E-10,1.02,Pnma,62,,255468,38
"",,,,,Ga0.5(P,,
"",,,,,O4)2,,
Li3PS4,1.60E-04,0.36,Pnma,62,β-Li3PS4,180319,52
"",,,,,γ-Li3PO4,,
Li3PO4,<1E-10,1.14,Pnma,62,,20208,68
"",,,,,,,
Li3PS4,3.00E-7,,Pnma,62,γ-Li3PS4,35018,69
Li2.88PO3.73N0.14,1.4E-13,0.97,Pnma,62,,79426,70
Li3PO4,4.2E-18,1.24,Pnma,62,γ-Li3PO4,79427,70
Li4GeS4,2E-7,0.53,Pnma,62,,92200,71
Li14Zn(GeO4)4,1.00E-06,0.24,Pnma,62,,100169,72
Li3.75Ge0.75V0.25O4,5.66E-6,,Pnma,62,,150918,73
Li3.70Ge0.85W0.15O4,3.80E-5,,Pnma,62,,150920,73
Li 0.2 Ca 0.4 TaO  3,3.53E-9,0.54,Pnma,62,,151936,74
Li0.2(Ca0.36Sr0.04)TaO3,9.2E-9,,Pnma,62,,151937,74
Li2Mg2(MoO4)3,<1E-10,0.71,Pnma,62,,170956,75
Li4SnSe4,2E-5,0.45,Pnma,62,,193768,76
Li(BH4),1E-8,,Pnma,62,,239763,77
LiZnSO4F,2.80E-05,0.2455,Pnma,62,,261343,78
Li4GeS4,2.00E-07,0.53,Pnma,62,,290831,79
Li4SnS4,7.0E-5,0.29,Pnma,62,,290832,80
Li2ZnI4,4.00E-08,0.58,Pnma,62,,402062,81
Pr0.53Li0.41TiO3,0.84E-7,0.462,Pnma,62,,,82
Pr0.54Li0.38TiO3,1.18E-6,0.452,Pnma,62,,,82
Pr0.55Li0.35TiO3,1.51E-6,0.441,Pnma,62,,,82
Pr0.56Li0.32TiO3,1.91E-6,0.437,Pnma,62,,,82
Pr0.57Li0.29TiO3,2.86E-6,0.429,Pnma,62,,,82
Pr0.58Li0.26TiO3,3.87E-6,0.421,Pnma,62,,,82
Pr0.59Li0.23TiO3,3.40E-6,0.425,Pnma,62,,,82
Li2.5Y0.5Zr0.5Cl6,1.4E-3,0.33,Pnma,62,,,83
Li2.633Er0.633Zr0.367Cl6,1.1E-3,0.35,Pnma,62,,,83
Li 3.33 Ge 0.33 V 0.67 O  4,6.94E-6,,Pnma,62,,,84
Li3.6Ge0.6V0.4O4,1.97E-5,0.44,Pnma,62,,,84
Li3.75Ge0.75V0.25O4,1.08E-5,,Pnma,62,,,84
Li3.5Ge0.5V0.5O4,1.77E-5,,Pnma,62,,66576,84
Li3.87Sn0.87As0.13S4,1.48E-5,0.39,Pnma,62,,,85
Li3.855Sn0.855As0.145S4,1.31E-4,0.35,Pnma,62,,,85
Li3.85Sn0.85As0.15S4,2.08E-4,0.31,Pnma,62,,,85
Li3.84Sn0.84As0.16S4,5.85E-4,0.29,Pnma,62,,,85
Li3.83Sn0.83As0.17S4,1.39E-3,0.21,Pnma,62,,,85
Li3.825Sn0.825As0.175S4,5.18E-4,0.27,Pnma,62,,,85
Li 3.82 Sn 0.82 As 0.18 S  4,2.83E-4,0.35,Pnma,62,,,85
Li3.8Sn0.8As0.2S4,1.06E-4,0.4,Pnma,62,,,85
Li 3.75 Sn 0.75 As 0.25 S  4,3.69E-6,0.48,Pnma,62,,,85
Nd0.54Li0.36TiO3,3.42E-8,0.50,Pnma,62,,81047,86
Pr0.51Li0.39TiO2.96,5.34E-7,0.44,Pnma,62,,81048,86
Sm0.52Li0.38TiO2.97,2E-7,0.64,Pnma,62,,,62
Li4GeO4,2.80E-10,0.73,Cmcm,63,,18096,87
LiCl*H2O,1E-8,0.777,Cmcm,63,,281198,88
Li2MgBr4,7.80E-10,0.77,Cmmm,65,,73276,89
Li0.22La0.60TiO3,4.8E-4,0.391,Cmmm,65,,,90
Li0.18La0.61TiO3,2.0E-4,0.432,Cmmm,65,,99398,90
LiBiO2,3.80E-08,0.1,Ibam,72,,46022,30
Li 2.5 Zn0.25PS4,8.40E-4,,I4̅,82,,,69
LiZnPS4,5.4E-8,,I4̅,82,,95785,69
Li2Zn0.5PS4,1.30E-4,0.22,I4̅,82,,264462,69
(Li1.69Zn0.66)PS4,1.30E-4,0.181,I4̅,82,,264462,69
Li1.5Zn0.75PS4,1.65E-5,0.25,I4̅,82,,264463,69
(Li1.19Zn0.9)PS4,0.65E-5,0.25,I4̅,82,,264463,69
(Li0.5Ce0.5)(MoO4),1.3E-8,0.4,I41/a,88,,186450,91
(Li 0.5 Ce 0.25 Pr0.25)(MoO4),1E-9,0.5,I41/a,88,,186451,91
(Li0.5Ce0.25Sm0.25)(MoO4),1.8E-10,0.5,I41/a,88,,186452,91
Li TeO  2 4,<1E-10,1.129,P4 22 1,91,,1485,92
Li3BN2,1.60E-10,0.67,P42212,94,α-Li3BN2,655673,93
Li2B4O7,1.00E-10,,I41cd,110,,65930,94
LiY(BH4)4,1.26E-6,,P4̅2c,112,,239762,77
LiPN2,1.6E-7,0.40,I4̅2d,122,,66007,95
La0.565Li0.305TiO3,9.57E-4,,P4/mmm,123,,92235,59
La0.5Li0.5TiO3,9.25E-4,0.39,P4/mmm,123,,92236,59
Li0.33La0.5TiO3,1E-3,0.15,P4/mmm,123,,82671,96
Li0.27La0.57TiO3,3.4E-4,0.38,P4/mmm,123,,,61
"",,,,,,,97
La0.55Li0.36TiO3,6.88E-4,0.35,P4/mmm,123,,,97
La0.54Li0.39TiO3,6.51E-4,,P4/mmm,123,,,97
La0.52Li0.45TiO3,5.01E-4,,P4/mmm,123,,50434,97
La0.58Li0.27TiO3,5.99E-4,,P4/mmm,123,,82672,97
La0.56Li0.33TiO3,6.68E-4,,P4/mmm,123,,504435,97
Li0.31La0.63TiO3,4.11E-4,,P4/mmm,123,,,63
Li0.39La0.59TiO3,8.83E-4,,P4/mmm,123,,,63
Li0.49La0.55TiO3,9.39E-4,,P4/mmm,123,,,63
Li0.68La0.49TiO3,1.03E-3,,P4/mmm,123,,,63
Li0.24La0.65TiO3,9.57E-4,,P4/mmm,123,,,63
Li0.33La0.58TiO3,8.93E-4,,P4/mmm,123,,,63
Li0.36La0.55TiO3,9.34E-4,,P4/mmm,123,,,63
Li0.42La0.52TiO3,8.47E-4,,P4/mmm,123,,,63
Li0.29La0.57TiO3,4.4E-5,0.453,P4/mmm,123,,,90
La 0.56 Li0.33TiO3,1.65E-4,0.41,P4/mmm,123,,,98
La0.56Li0.33TiO3-5wt%,,,,,,,98
"",1.66E-4,0.24,P4/mmm,123,,,
Al2O3,,,,,,,
La0.56Li0.33TiO3-10wt%,,,,,,,98
"",9.33E-4,0.17,P4/mmm,123,,,
Al2O3,,,,,,,
La0.56Li0.33TiO3-15wt%,,,,,,,98
"",9.56E-5,0.50,P4/mmm,123,,,
Al2O3,,,,,,,
Li(LaTiO4),<1E-10,0.83,P4/nmmZ,129,,91843,99
Li(NdTiO4),<1E-10,0.87,P4/nmmZ,129,,91844,99
La 0.65 Li 0.05 (Mg 0.5 W 0.5 )O  3,1.8E-7,0.46,P4/nmm,129,,151900,100
La 0.63 Li 0.11 (Mg 0.5 W 0.5 )O  3,6.8E-6,0.38,P4/nmm,129,,151901,100
La0.62,,,,,,,
"",1.2E-5,0.37,P4/nmm,129,,151902,100
Li0.14(Mg0.5W0.5)O3,,,,,,,
Li4PS4I,1.2E-4,0.37,P4/nmmZ,129,,432169,101
Li9.75Sn0.75P2.25S12,3.57E-3,,P42/nmcS,137,,,
Li6ZnO4,9.40E-09,0.61,P42/nmc,137,,62137,64
Li9.42Si1.02P2.1S9.96O2.04,1.1E-4,0.238,P42/nmc,137,,,102
Li9.54Si1.74P1.44S11.7Cl0.3,2.53E-2,0.238,P42/nmc,137,,,102
Li10GeP2S11.7O0.3,1.15E-2,0.155,P42/nmc,137,,,102
Li10(Si0.5Sn0.5)P2S12,4.28E-3,0.29,P42/nmc,137,,,102
Li9P3S9O3,4.27E-5,0.311,P4 /nmc 2,137,,,103
Li10.05Ge1.05P1.95S12,1.22E-2,0.28,P42/nmc4,137,,,104
Li10.2Ge1.2P1.8S12,1.32E-2,,P42/nmc4,137,,,104
Li10.5Ge1.5P1.5S12,1.10E-2,,P42/nmc 4,137,,,104
Li10GePS12,1.21E-2,,P42/nmc,137,,188887,104
Li10.35Ge1.35P1.65S12,1.44E-2,0.269,P42/nmc S,137,,193947,104
Li3.475Si0.475P0.525S4,5.27E-3,,P42/nmc,137,,,105
Li3.45Si0.45P0.55S4,6.73E-3,0.27,P42/nmc,137,,,105
Li 3.425 Si0.425P0.575S4,5.65E-3,,P42/nmc,137,,,105
Li3.4Si0.4P0.6S4,4.21E-3,,P42/nmc,137,,,105
Li3.335Sn0.33P0.67S4,3.73E-3,,P42/nmc,137,,,105
Li3.3Sn0.3P0.7S4,3.65E-3,,P42/nmc,137,,,105
Li3.285Sn0.28P0.72S4,4.36E-3,,P42/nmc,137,,,105
Li3.27Sn0.27P0.73S4,4.96E-3,,P42/nmc,137,,,105
Li3.26Sn0.26P0.74S4,4.53E-3,,P42/nmc,137,,,105
Li3.25Sn0.25P0.75S4,3.6E-3,,P42/nmc,137,,,105
Li 10 SiP S 2 12,2.3E-3,0.196,P42/nmc,137,,,106
Li10SnP2S12,7E-3,0.27,P42/nmc C,137,,193755,107
Li10GeP2S12,2.46E-2,0.274,P4 /nmc 2,137,,241439,108
Li10(Ge0.776Sn0.224)P2S12,1.41E-2,0.276,P42/nmc,137,,255748,108
Li10SnP2S12,3.98E-3,0.305,P42/nmc,137,,255750,108
Li10(Ge0.416Sn0.584)P2S12,7.43E-3,0.285,P42/nmc,137,,255757,108
Li10.35Si1.35P1.65S12,6.5E-3,,P42/nmcS,137,,252037,109
Li9.81Sn0.81P2.19S12,5.5E-3,,P4 /nmc 2,137,,252040,109
Li10GeP2S12,1.20E-02,0.25,P42/nmc,137,,255749,110
Li10.2Si1.2P1.8S12,4.16E-3,,P42/nmcS,137,,,111
Li 10.275 Si 1.275 P1.725S12,5.61E-3,,P42/nmcS,137,,,111
Li10.35Si1.35P1.65S12,6.68E-3,,P42/nmcS,137,,,111
Li10.425Si1.425P1.575S12,5.22E-3,,P42/nmcS,137,,,111
Li10GeP2S12,1.21E-2,,P42/nmcS,137,,,111
Li10.05Ge1.05P1.95S12,1.25E-2,,P42/nmcS,137,,,111
Li10.2Ge1.2P1.8S12,1.36E-2,,P42/nmcS,137,,,111
Li10.35Ge1.35P1.65S12,1.41E-2,,P42/nmcS,137,,,111
Li10.5Ge1.5P1.5S12,1.09E-2,,P4 /nmcS 2,137,,,111
Li9.79Sn0.79P2.21S12,4.56E-3,,P42/nmcS,137,,,111
Li9.81Sn0.81P2.19S12,4.98E-3,,P42/nmcS,137,,,111
Li9.87Sn0.87P2.13S12,4.32E-3,,P42/nmcS,137,,,111
Li9.9Sn0.9P2.1S12,3.66E-3,,P42/nmcS,137,,,111
Li10SnP2S12,3.65E-3,,P42/nmcS,137,,,111
Li10.2(Sn0.2Si0.8)1.2P1.8S,,,,,,,111
"",7.82E-3,,P42/nmcS,137,,5667,
12,,,,,,,
Li10.5(Sn0.2Si0.8)1.5P1.5S12,8.79E-3,,P42/nmcS,137,,5668,111
Li 10.35 (Sn 0.2 Si 0.8 ) 1.35 P1.65,,,,,,,111
"",1.08E-2,,P42/nmcS,137,,5669,
S12,,,,,,,
Li10.35(Sn0.27Si1.08)P1.65S12,1.1E-3,0.197,P42/nmcS,137,,257946,111
Li 10.2 (Sn 0.2 Si 0.8 ) 1.2 P 1.8 S 12,2.69E-3,,P4 /nmcS 2,137,,257948,111
Li10GeP2S12,1.43E-3,0.24,P42/nmcS,137,,,112
Li9.8Ba0.1GeP2S12,5.61E-4,,P4 /nmcS 2,137,,,112
Li9.6Ba0.2GeP2S12,5.72E-4,,P42/nmcS,137,,,112
Li9.4Ba0.3GeP2S12,7.07E-4,0.29,P42/nmcS,137,,,112
Li9.2Ba0.4GeP2S12,3.16E-4,,P42/nmcS,137,,,112
Li9Ba0.5GeP2S12,9.98E-5,,P42/nmcS,137,,,112
Li10GeP2S12,5.0E-3,0.35,P42/nmc,137,,,113
LiLaNb2O7,<1E-8,,I4/mmm,139,,72566,114
Li4Sr3Nb5.77Fe0.23O19.77,<1E-10,,I4/mmm,139,,87823,115
Li4Sr3Nb6O20,<1E-10,,I4/mmm,139,,87824,115
Li Sr4 3.056Nb6O20,<1E-10,0.74,I4/mmm,139,,109168,115
LiScO2,1.00E-12,0.87,I41/amd,141,,36124,33
r-LiAlO2,1.10E-12,0.97,I41/amd,141,,99517,33
Li3BN2,8.70E-08,0.55,I41/amd,141,β-Li3BN2,155126,93
Li SrN4 2,2.30E-13,0.9,I41/amd,141,,87413,116
LiScO2,<1E-10,1.047,I41/amd,141,,257819,117
Li0.9Sc0.9Zr0.1O2,<1E-10,0.912,I41/amd,141,,257820,117
"",,,,,“tetrago,,
Li7La3HfO12,9.85E-7,0.53,I41/acdZ,142,nal-,174202,118
"",,,,,LLHO”,,
"",,,,,“tetraga,,
Li7La3Zr2O12,1.63E-6,0.54,I41/acdZ,142,nol-,183684,119
"",,,,,LLZO”,,
Li7La3Zr2O12,5E-7,0.59,I41/acdZ,142,,,120
Li La Zr O 7 3 2 12,9.9E-6,0.43,I4 /acdZ 1,142,,238687,121
LiGaSiO4,3.00E-16,0.9,R3H,146,,65125,122
LiGa0.5Al0.5GeO4,<1E-10,1.06,R3H,146,,257740,123
LiAlGeO4,<1E-10,0.97,R3H,146,,257741,123
LiGaGeO4,<1E-10,1.12,R3̅,148,,257739,123
LiTi2(PO4)3,1.61E-4,0.21,R3̅,148,,,124
Li1.2Ti1.8Al0.2(PO4)3,4.82E-3,0.18,R3̅,148,,,124
LiNaSO4,8.80E-10,,P31c,159,,14364,125
Li3.333Mg0.333P2S6,8.20E-8,0.517,P3̅1m,162,,95606,126
Li2.667Mg0.667P2S6,4.00E-06,0.46,P3̅1m,162,,95607,126
Li4P2S6,2.38E-07,0.29,P3̅1m,162,,242170,127
Li4P2S6,1.6E-10,0.48,P3̅1m,162,,,128
Li3YCl6,5.39E-4,0.40,P3̅m1,164,,,26
Li3ErCl6,3.3E-4,0.41,P3̅m1,164,,50151,129
Li4.4Al0.4Ge0.6S4,4.33E-5,0.38,P3̅m1,164,,235201,130
Li4.4Al0.4Sn0.6S4,3.6E-6,0.15,P3̅m1,164,,235207,130
Li5NCl2,1.20E-06,0.5,R3̅m,166,,84763,131
LiHf2(PO4)3,2.833E-7,,R3̅cH,167,,,2
LiZr2(PO4)3,2.96E-10,,R3̅cH,167,,201935,2
LiGe2(PO4)3,3.33E-7,,R3̅cH,167,,263767,2
Li1.1Ti1.9Sc0.1(PO4)3,3.89E-4,0.3,R3̅cH,167,,,132
Li1.2Ti1.8Sc0.2(PO4)3,2.51E-3,0.25,R3̅cH,167,,,132
Li1.3Ti1.7Sc0.3(PO4)3,7.91E-4,0.28,R3̅cH,167,,,132
Li1.4Ti1.6Sc0.4(PO4)3,1.99E-4,0.31,R3̅cH,167,,,132
Li1.5Ti1.5Sc0.5(PO4)3,9.74E-5,0.32,R3̅cH,167,,,132
LiTi2(PO4)3,7.61E-6,0.38,R3̅cH,167,,95979,132
LiGe2(PO4)3,4.83E-9,0.654,R3̅cH,167,,69763,133
Li1.2Al0.2Ge1.8(PO4)3,4.83E-5,0.387,R3̅cH,167,,263760,133
Li1.4Al0.4Ge1.6(PO4)3,1.88E-4,0.407,R3̅cH,167,,263762,133
Li1.5Al0.5Ge1.5(PO4)3,3.36E-4,0.426,R3̅cH,167,,263763,133
Li1.7Al0.7Ge1.3(PO4)3,2.64E-4,0.450,R3̅cH,167,,263765,133
Li1.8Al0.8Ge1.2(PO4)3,1.37E-4,0.429,R3̅cH,167,,263766,133
LiTi2(PO4)3,1.0E-4,,R3̅cH,167,,,134
Li1.2Ti2Si0.2P2.8O12,8.6E-5,,R3̅cH,167,,,134
Li1.3Ti2Si0.3P2.7O12,3.2E-4,,R3̅cH,167,,,134
Li 1.4 Ti Si 2 0.4 P 2.6 O 12,1.5E-4,,R3̅cH,167,,,134
Li1.5Ti2Si0.5P2.5O12,9.6E-5,,R3̅cH,167,,,134
Li1.3Al0.3Ti1.7(PO4)3,3E-3,,R3̅cH,167,,,134
Li1.4Al0.4Ti1.6(PO4)3,3.88E-4,,R3̅cH,167,,,134
Li1.5Al0.5Ti1.5(PO4)3,2.48E-4,,R3̅cH,167,,,134
Li1.2Cr0.2Ti1.8(PO4)3,1.82E-5,,R3̅cH,167,,,134
Li1.3Cr0.3Ti1.7(PO4)3,3.51E-5,,R3̅cH,167,,,134
Li1.4Cr0.4Ti1.6(PO4)3,1.49E-4,,R3̅cH,167,,,134
Li1.5Cr0.5Ti1.5(PO4)3,3.86E-4,,R3̅cH,167,,,134
Li1.6Cr0.6Ti1.4(PO4)3,1.26E-4,,R3̅cH,167,,,134
Li1.7Cr0.7Ti1.3(PO4)3,8.05E-6,,R3̅cH,167,,,134
Li1.2Ga0.2Ti1.8(PO4)3,1.62E-4,,R3̅cH,167,,,134
Li1.3Ga0.3Ti1.7(PO4)3,2.61E-4,,R3̅cH,167,,,134
Li1.4Ga0.4Ti1.6(PO4)3,1.28E-4,,R3̅cH,167,,,134
Li1.5Ga0.5Ti1.5(PO4)3,1.22E-4,,R3̅cH,167,,,134
Li 1.2 Fe 0.2 Ti 1.8 (PO )  4 3,1.80E-4,,R3̅cH,167,,,134
Li 1.3 Fe 0.3 Ti 1.7 (PO )  4 3,2.46E-4,,R3̅cH,167,,,134
Li1.4Fe0.4Ti1.6(PO4)3,3.92E-4,,R3̅cH,167,,,134
Li1.2Sc0.2Ti1.8(PO4)3,6.90E-4,,R3̅cH,167,,,134
Li1.3Sc0.3Ti1.7(PO4)3,7.03E-4,,R3̅cH,167,,,134
Li1.4Sc0.4Ti1.6(PO4)3,5.15E-4,,R3̅cH,167,,,134
Li1.5Sc0.5Ti1.5(PO4)3,2.53E-4,,R3̅cH,167,,,134
Li1.2In0.2Ti1.8(PO4)3,3.90E-4,,R3̅cH,167,,,134
Li1.3In0.3Ti1.7(PO4)3,3.93E-4,,R3̅cH,167,,,134
Li1.4In0.4Ti1.6(PO4)3,3.02E-4,,R3̅cH,167,,,134
Li1.5In0.5Ti1.5(PO4)3,2.04E-4,,R3̅cH,167,,,134
Li1.2La0.2Ti1.8(PO4)3,8.00E-5,,R3̅cH,167,,,134
Li1.3La0.3Ti1.7(PO4)3,5.23E-4,,R3̅cH,167,,,134
Li1.4La0.4Ti1.6(PO4)3,4.98E-4,,R3̅cH,167,,,134
Li1.5La0.5Ti1.5(PO4)3,2.81E-4,,R3̅cH,167,,,134
Li1.5Fe0.5Ti1.5(PO4)3,1.74E-4,,R3̅cH,167,,55751,134
Li0.87Hf2.032P3O12,1.29E-05,0.33,R3̅cH,167,,83501,134
Li1.2Al0.2Ti1.8(PO4)3,5.95E-4,,R3̅cH,167,,427621,134
Li(Ti1.4Sn0.6)(PO4)3,2.28E-5,0.32,R3̅cH,167,,183672,135
Li(Ti0.6Sn1.4)(PO4)3,9.42E-6,,R3̅cH,167,,183676,135
Li(Ti0.4Sn1.6)(PO4)3,3.15E-6,,R3̅cH,167,,183677,135
Li1.15Y0.15Zr1.85(PO4)3,1.4E-4,0.39,R3̅cH,167,,191891,136
LiZr2(PO4)3,1E-9,0.76,R3̅cH,167,,201935,137
Li1.3(Al0.3Ti1.7)(PO4)3,8.02E-7,,R3̅cH,167,,253240,138
Li 1.3 (Al0.23Ga0.07Ti1.7)(P,,,,,,,138
"",4.46E-6,,R3̅cH,167,,253241,
O4)3,,,,,,,
Li1.3(Al0.23Sc0.07Ti1.7)(PO,,,,,,,138
"",1.94E-7,,R3̅cH,167,,253242,
4)3,,,,,,,
Li1.3(Al0.23Y0.07Ti1.7)(PO4,,,,,,,138
"",3.84E-8,,R3̅cH,167,,253243,
)3,,,,,,,
Li1.3Al0.3Ti1.7(PO4)3,7E-4,,R3̅cH,167,,257190,139
LiZr2(PO4)3,8.5E-5,,R3̅cH,167,,,140
Li1.025Y0.025Zr1.975(PO4)3,1.28E-4,,R3̅cH,167,,,140
Li1.05Y0.05Zr1.95(PO4)3,1.3E-4,,R3̅cH,167,,,140
Li1.1Y0.1Zr1.9(PO4)3,1.0E-4,,R3̅cH,167,,,140
Li1.1Al0.1Ge1.9(PO4)3,1.29E-5,,R3̅cH,167,,,140
Li1.2Al0.2Ge1.8(PO4)3,1.89E-5,0.46,R3̅cH,167,,,140
Li1.3Al0.3Ge1.7(PO4)3,1.91E-4,,R3̅cH,167,,,140
Li1.4Al0.4Ge1.6(PO4)3,3.17E-4,0.37,R3̅cH,167,,,140
Li1.5Al0.5Ge1.5(PO4)3,3.45E-4,,R3̅cH,167,,,140
Li1.6Al0.6Ge1.4(PO4)3,3.94E-4,0.37,R3̅cH,167,,,140
Li1.7Al0.7Ge1.3(PO4)3,2.75E-4,,R3̅cH,167,,,140
Li1.8Al0.8Ge1.2(PO4)3,1.23E-4,0.43,R3̅cH,167,,,140
LiGe2(PO4)3,3.12E-9,0.60,R3̅cH,167,,,141
Li0.86Hf2.035(PO4)3,9.2E-8,0.48,R3̅cH,167,,,11
Li1.7Al0.3Ti1.6(PO4)3,5E-5,,R3̅cH,167,,,142
Li1.2In0.2Ti1.8(PO4)3,8.22E-5,0.32,R3̅cH,167,,,143
Li1.3Al0.2Sc0.1Ti1.7(PO4)3,9.72E-4,0.25,R3̅cH,167,,,144
Li1.3Al0.15Sc0.15Ti1.7(PO4),,0.23,,,,,144
"",1.24E-3,,R3̅cH,167,,,
3,,,,,,,
Li1.3Al0.1Sc0.2Ti1.7(PO4)3,4.29E-4,0.26,R3̅cH,167,,,144
Li1.3Sc0.3Ti1.7(PO4)3,4.52E-4,0.25,R3̅cH,167,,,144
Li1.3Al0.3Ti1.7(PO4)3,1.13E-3,0.23,R3̅cH,167,,257190,144
LiTi2(PO4)3,6E-5,0.33,R3̅c,167,,,145
Li1.05Al0.05Ti1.95(PO4)3,1.1E-3,0.31,R3̅c,167,,,145
Li 1.1 Al 0.1 Ti 1.9 (PO )  4 3,6.7E-4,0.32,R3̅c,167,,,145
Li1.2Al0.2Ti1.8(PO4)3,4.0E-3,0.31,R3̅c,167,,,145
Li 1.3 Al 0.3 Ti1.7(PO4)3,6.2E-3,0.30,R3̅c,167,,,145
Li1.4Al0.4Ti1.6(PO4)3,3.3E-3,0.29,R3̅c,167,,,145
Li1.05Cr0.05Ti1.95(PO4)3,1.8E-4,0.33,R3̅c,167,,,145
Li1.1Cr0.1Ti1.9(PO4)3,2.6E-4,0.32,R3̅c,167,,,145
Li1.2Cr0.2Ti 1.8 (PO4)3,4.3E-4,0.31,R3̅c,167,,,145
Li 1.3 Cr 0.3 Ti1.7(PO4)3,2.9E-4,0.32,R3̅c,167,,,145
Li1.05Fe0.05Ti1.95(PO4)3,1.3E-4,0.34,R3̅c,167,,,145
Li1.1Fe0.1Ti1.9(PO4)3,6.3E-4,0.34,R3̅c,167,,,145
Li1.2Fe0.2Ti1.8(PO4)3,1.4E-3,0.32,R3̅c,167,,,145
Li1.3Fe0.3Ti1.7(PO4)3,2.3E-3,0.31,R3̅c,167,,,145
Li1.5Fe0.5Ti1.5(PO4)3,2.7E-4,0.32,R3̅c,167,,,145
LiGe2(PO4)3,3.37E-7,0.38,R3̅c,167,,,146
Li1.3Al0.3Ge1.7(PO4)3,1.42E-4,0.37,R3̅c,167,,,146
Li 1.7 Al0.7Ge1.3(PO4)3,2.04E-4,,R3̅c,167,,,146
Li1.3Cr0.3Ge1.7(PO4)3,8.87E-5,0.39,R3̅c,167,,,146
Li1.5Cr0.5Ge1.5(PO4)3,1.21E-4,0.37,R3̅c,167,,,146
Li1.7Cr0.7Ge1.3(PO4)3,2.46E-5,,R3̅c,167,,,146
Li1.3Ga0.3Ge1.7(PO4)3,4.47E-5,0.38,R3̅c,167,,,146
Li 1.5 Ga 0.5 Ge1.5(PO4)3,2.01E-5,,R3̅c,167,,,146
Li1.3Fe0.3Ge1.7(PO4)3,2.99E-5,0.39,R3̅c,167,,,146
Li 1.5 Fe 0.5 Ge 1.5 (PO4)3,2.56E-5,,R3̅c,167,,,146
Li1.3Sc0.3Ge1.7(PO4)3,5.59E-5,,R3̅c,167,,,146
Li1.3In0.3Ge1.7(PO4)3,9.22E-6,,R3̅c,167,,,146
Li1.5In0.5Ge1.5(PO4)3,5.81E-6,,R3̅c,167,,,146
Li1.5Al0.5Ge1.5(PO4)3,2.86E-4,0.38,R3̅c,167,,263764,146
LiIO3,1.90E-07,,P63,173,,35473,147
Li9Mg3(PO4)4F3,<1E-10,0.835,P63,173,,426103,148
Pb6.12Ca1.9Li1.96(PO4)6,<1E-10,1.05,P63/m,176,,59615,149
LiNdSiO4,<1E-10,,P63/m,176,,,150
LiDySiO  4,<1E-10,,P6 /m 3,176,,,150
Li2La8Si6O25,<1E-10,,P6 /m 3,176,,,150
Li3La7Si6O24,<1E-10,,P63/m,176,,,150
Li0.284Sm4.512Si3O12.91,<1E-10,,P63/m,176,,83279,150
LiLa9Si6O26,<1E-10,,P63/m,176,,291218,150
LiEu9Si6O26,<1E-10,,P63/m,176,,291220,150
LiAlSiO4,2.00E-09,0.68,P6422,181,,55665,151
Li3(NH2)2I,1E-5,0.58,P63mc,186,,167528,152
Ba3LiTa5ZrSi4O26,<1E-10,0.79,P6̅2m,189,,239277,153
Li3N,1.2E-3,0.25,P6/mmm,191,,26540,154
Li3N,3.00E-04,0.26,P6/mmm,191,,156894,155
Fe2Na2K(Li3Si12O30),<1E-10,1.22,P6/mcc,192,,235750,156
Li3P,7.03E-4,0.18,P63/mmc,194,,642223,157
Li5.5K0.25La2.75Nb2O12,3.19E-3,0.49,I2 3 1,199,,,158
Li5.5La3Nb1.75In0.25O12,8.07E-3,0.49,I213,199,,,158
Li6BaLa2Nb2O12,6E-6,0.44,I213,199,,,159
Li5La3Nb2O12,8E-6,0.43,I213,199,,54865,159
(K0.1Li0.9)(SbO3),1.36E-8,,Pn3̅Z,201,,200984,160
"",,,,,α-,,
Li8GeP4,1.8E-5,0.435,Pa3̅,205,,235184,161
"",,,,,Li8GeP4,,
Li8SiP4,4.5E-5,0.404,Pa3̅,205,,235186,161
Li3AlN2,5.00E-08,0.45,Ia3̅,206,,257464,162
Li2MgTi3O8,<1E-10,0.71,P4332,212,,86165,163
Li2CoTi3O8,<1E-10,1.33,P4332,212,,86166,163
Li2CoGe3O8,<1E-10,1.49,P4332,212,,86167,163
Li2ZnGe3O8,<1E-10,2.14,P4332,212,,86169,163
(Li0.61Mg0.39)(Li0.46Mg0.005Ti0.035)Ti1.5O4,6.56E-10,0.685,P4332,212,,168144,164
(Li0.55Mg0.45)(Li0.445Mg0.055)Ti1.5O4,1.53E-11,0.786,P4332,212,,168145,164
Li5NI2,4.00E-6,,F4̅3m,216,,16800,165
Li2VCl4,6.95E-6,,F4̅3m,216,,74959,166
Li6PS5Cl0.25Br0.75,1.86E-3,0.328,F4̅3m,216,,,167
Li6PS5Cl,2.05E-3,0.452,F4̅3m,216,,259200,167
Li PS Cl 6 5 0.5 Br 0.5,3.33E-3,0.367,F4̅3m,216,,259201,167
Li6PS5Br,1.15E-3,0.303,F4̅3m,216,,259202,167
Li6PS5Br0.5I0.5,2.62E-5,0.312,F4̅3m,216,,259203,167
Li6PS5I,1.3E-6,0.383,F4̅3m,216,,259204,167
Li6PS5Cl0.75Br0.25,2.26E-3,0.408,F4̅3m,216,,259206,167
Li6PS5Br0.75I0.25,1.12E-4,0.321,F4̅3m,216,,259209,167
Li PS Br 6 5 0.25 I 0.75,4.72E-6,0.351,F4̅3m,216,,259211,167
Li6PS5Br,7.01E-4,0.194,F4̅3m,216,,234584,168
Li6.025P0.975Si0.025S5Br,8.78E-4,0.196,F4̅3m,216,,234585,168
Li6.05P0.95Si0.05S5Br,4.37E-4,0.173,F4̅3m,216,,234586,168
Li6.075P0.925Si0.075S5Br,8.73E-4,0.178,F4̅3m,216,,234587,168
Li 6.1 P0.95Si0.1S5Br,7.99E-4,0.22,F4̅3m,216,,234588,168
Li6.125P0.875Si0.125S5Br,9.02E-4,0.189,F4̅3m,216,,234589,168
Li6.175P0.825Si0.175S5Br,9.31E-4,0.142,F4̅3m,216,,234591,168
Li6.2P0.8Si0.2S5Br,1.69E-3,0.25,F4̅3m,216,,234592,168
Li6.225P0.775Si0.225S5Br,1.08E-3,0.248,F4̅3m,216,,234593,168
Li6.25P0.75Si0.25S5Br,1.41E-3,0.223,F4̅3m,216,,234594,168
Li6.3P0.7Si0.3S5Br,1.65E-3,0.236,F4̅3m,216,,234595,168
Li6.35P0.65Si0.35S5Br,2.34E-3,0.142,F4̅3m,216,,234596,168
Li6.5P0.5Si0.5S5Br,2.19E-3,0.27,F4̅3m,216,,234597,168
Li7Ge3PS12,1.1E-4,0.259,F4̅3m,216,,258187,169
Li6B0.9PH3.6S4.9,1.8E-3,0.166,F4̅3m,216,,264526,170
Li6PS5Cl,1.30E-03,0.33,F4̅3m,216,,,171
Li6PS5Br,2.77E-3,0.31,F4̅3m,216,,267193,172
Li6P(S4.9Se0.1)Br,3.20E-3,0.33,F4̅3m,216,,267194,172
Li P(S6 4.8Se0.2)Br,3.92E-3,0.34,F4̅3m,216,,267195,172
Li6P(S4.7Se0.3)Br,3.62E-3,0.33,F4̅3m,216,,267196,172
Li6P(S4.6Se0.4)Br,3.64E-3,0.33,F4̅3m,216,,267197,172
Li6P(S4.5Se0.5)Br,2.68E-3,0.34,F4̅3m,216,,267198,172
Li6P(S4.4Se0.6)Br,2.78E-3,0.34,F4̅3m,216,,267199,172
Li6P(S4.3Se0.7)Br,3.01E-3,0.35,F4̅3m,216,,267200,172
Li6P(S4.2Se0.8)Br,3.48E-3,0.34,F4̅3m,216,,267201,172
Li6P(S4.1Se0.9)Br,3.82E-3,0.34,F4̅3m,216,,267202,172
Li6P(S4Se)Br,3.61E-3,0.34,F4̅3m,216,,267203,172
Li6PO5Cl,5.54E-10,0.66,F4̅3m,216,,421479,173
Li6PS5Br,3.2E-5,0.32,F4̅3m,216,,234598,174
Li6PS5Cl,3.3E-5,0.38,F4̅3m,216,,259205,174
Li6PS5I,2.2E-4,0.26,F4̅3m,216,,259212,174
Li6PS5I,1.26E-6,0.38,F4̅3m,216,,,175
Li6P0.92Ge0.08S5I,9.02E-6,0.39,F4̅3m,216,,,175
Li6P0.85Ge0.15S5I,3.99E-5,0.36,F4̅3m,216,,,175
Li6P0.75Ge0.25S5I,3.26E-5,0.36,F4̅3m,216,,,175
Li6P0.74Ge0.26S5I,1.51E-4,0.30,F4̅3m,216,,,175
Li P 6 0.64 Ge 0.36 S I 5,6.58E-4,0.24,F4̅3m,216,,,175
Li6P0.53Ge0.47S5I,1.52E-3,0.24,F4̅3m,216,,,175
Li6P0.48Ge0.52S5I,1.83E-3,0.23,F4̅3m,216,,,175
Li P6 0.31Ge0.69S5I,5.16E-3,0.24,F4̅3m,216,,,175
Li6P0.21Ge0.79S5I,5.41E-3,0.25,F4̅3m,216,,,175
Li6PS5Cl,1.31E-6,0.38,F4̅3m,216,,,176
Li PS Br 6 5,2.41E-5,0.16,F4̅3m,216,,259208,176
Li6PS5I,4.1E-7,0.32,F4̅3m,216,,418489,176
Li6PS5I,9.24E-5,,F4̅3m,216,,,177
Li6.1P0.9Sn0.1S5I,1.61E-4,,F4̅3m,216,,,177
Li6.2P0.8Sn0.2S5I,2.32E-4,,F4̅3m,216,,,177
Li6.25P0.75Sn0.25S5I,2.92E-4,,F4̅3m,216,,,177
Li6.3P0.7Sn0.3S5I,3.06E-4,,F4̅3m,216,,,177
Li6.5P0.5Sn0.5S5I,2.35E-4,,F4̅3m,216,,,177
Li6.4P0.6Ge0.4S5I,2.51E-4,,F4̅3m,216,,,177
Li6.45P0.55Ge0.45S5I,3.65E-4,,F4̅3m,216,,,177
Li6.5P0.5Ge0.5S5I,5.42E-4,,F4̅3m,216,,,177
Li6.55P0.45Ge0.55S5I,4.11E-4,,F4̅3m,216,,,177
Li6.6P0.4Ge0.6S5I,2.74E-4,,F4̅3m,216,,,177
Li6.8P0.2Ge0.8S5I,5.21E-5,,F4̅3m,216,,,177
LiCe(BH4)3Cl,1.03E-4,,I4̅3m,217,,185218,178
Li7PN4,1.60E-07,0.4,P4̅3n,218,,69017,95
"",,,,,β-,,
β-Li8GeP4,8.6E-5,0.394,P4̅3n,218,,235185,161
"",,,,,Li8GeP4,,
Li4B7O12Cl,2.4E-5,,F4̅3c,219,,1125,179
Fe 0.16 La 2.95 Li 5.68 Zr O 2 12,9.35E-4,0.29,I4̅3d,220,,431391,180
Fe0.19La2.95Li5.57Zr2O12,1.38E-3,0.28,I4̅3d,220,,431392,180
Li3ClO,2.5E-2,,Pm3̅m,221,,,181
Li2.99Ba0.005Cl0.5I0.5,2.5E-3,0.06,Pm3̅m,221,,,181
Li0.31La0.63((Ti0.9Co0.1)O3,2.60E-4,,Pm3̅m,221,,151533,182
(La0.49Li0.461Sr0.049)(TiO3,,,,,,,
"",7.09E-4,0.33,Pm3̅m,221,,190825,183
),,,,,,,
(La0.46Li0.429Sr0.111)(TiO3,,,,,,,
"",1.97E-4,0.33,Pm3̅m,221,,190826,183
),,,,,,,
(La0.402Li0.368Sr0.230)(TiO,,,,,,,
"",2.87E-5,0.36,Pm3̅m,221,,190827,183
3),,,,,,,
Li (OH) 2 0.9 F0.1Cl,3.86E-5,0.52,Pm3̅m,221,,,184
Li2(OH)Br,1.20E-6,0.75,Pm3̅m,221,,200874,184
Li9NS3,8.30E-07,0.52,Pm3̅m,221,,240749,185
(La0.55Li0.45)(Ti0.9Al0.1)O3,1.51E-3,,Pm3̅m,221,,254045,186
(La 0.6 Li 0.4 )(Ti 0.8 Al 0.2 )O  3,5.68E-4,,Pm3̅m,221,,254046,186
(La0.65Li0.35)(Ti0.7Al0.3)O3,1.61E-4,,Pm3̅m,221,,254047,186
(La0.7Li0.3)(Ti0.6Al0.4)O3,1.04E-7,,Pm3̅m,221,,254048,186
(Li0.16Sr0.69)(Ga0.25Ta0.75,,,,,,,
"",3.69E-6,0.359,Pm3̅m,221,,291520,187
)O3,,,,,,,
Li0.375Sr0.4375Zr0.25Ta0.75o3,2.0E-4,0.26,Pm3̅m,221,,,188
Li0.25Sr0.625Ta0.5Zr0.5O3,3.34E-7,0.42,Pm3̅m,221,,,188
Li0.375Sr0.4375Hf0.25Ta0.75,,,,,,,
"",3.8E-4,0.36,Pm3̅m,221,,,189
O3,,,,,,,
Li0.375Sr0.4375Zr0.25Nb0.75,,,,,,,
"",2.00E-5,0.26,Pm3̅m,221,,,190
O3,,,,,,,
Li0.25Sr0.625Zr0.5Nb0.5O3,2.75E-7,0.36,Pm3̅m,221,,,190
Li2.99Ba0.005ClO,2.5E-2,0.13,Pm3̅m,221,,,191
Li2.99Ba0.005Cl0.5I0.5O,3.37E-3,,Pm3̅m,221,,,191
Sm0.5Li0.42TiO2.96,3.93E-10,0.58,Pm3̅m,221,,,86
La0.52Li0.35TiO2.96,9.11E-4,0.32,Pm3̅m,221,,,86
La0.61Li0.15TiO3,2.06E-4,,Pm3̅m,221,,,192
La0.58Li0.24TiO3,7.22E-4,,Pm3̅m,221,,,192
La0.55Li0.33TiO3,1.58E-3,,Pm3̅m,221,,,192
La0.54Li0.36TiO3,9.79E-3,,Pm3̅m,221,,,192
La0.52Li0.42TiO3,7.21E-4,,Pm3̅m,221,,,192
La0.6Sr0.06Li0.06TiO3,1.13E-5,0.37,Pm3̅m,221,,,193
La0.56Sr0.1Li0.1TiO3,1.37E-5,0.37,Pm3̅m,221,,,193
La0.51Sr0.15Li0.15TiO3,5.3E-5,0.38,Pm3̅m,221,,,193
La0.41Sr0.25Li0.25TiO3,7.64E-5,0.35,Pm3̅m,221,,,193
La0.385Sr0.275Li0.275TiO3,6.04E-5,0.37,Pm3̅m,221,,,193
La0.36Sr0.3Li0.3TiO3,1.92E-5,0.35,Pm3̅m,221,,,193
La 0.61 Li 0.18TiO3,2.09E-4,,Pm3̅m,221,,,97
La0.58Li0.27TiO3,8.32E-4,,Pm3̅m,221,,,97
La0.56Li0.33TiO3,1.30E-3,,Pm3̅m,221,,,97
La0.55Li0.36TiO3,1.54E-3,0.33,Pm3̅m,221,,,97
La0.54Li0.39TiO3,1.25E-3,,Pm3̅m,221,,,97
La0.52Li0.45TiO3,7.85E-4,,Pm3̅m,221,,,97
Lao.51Li0.34TiO2.94,7E-5,0.36,Pm3̅m,221,,,62
Li3OBr,1.10E-06,0.74,Pm3̅m,221,,67265,"194-195"
Li7.2N1.6Cl2.4,8.4E-7,0.49,Fm3̅m,225,,49646,131
Li6NI3,3.70E-06,,Fm3̅m,225,,83380,165
Li0.19La0.67(Ti0.9Co0.1)O3,1.08E-4,,Fm3̅m,225,,151535,182
Li6NBr3,1.00E-08,0.69,Fm3̅m,225,,84091,196
LiI,1E-7,,Fm3̅m,225,,414244,197
Li(Li 0.34 Ti 1.66 )O4,6.03E-8,0.506,Fd3̅m,227,,168137,164
(Li0.916Mg0.084)(Li0.352Mg0.016Ti1.634)O4,1.73E-8,0.564,Fd3̅m,227,,168139,164
(Li0.826Mg0.174)(Li0.374Mg0.026Ti1.60)O4,4.24E-9,0.615,Fd3̅m,227,,168141,164
(Li0.74Mg0.26)(Li0.40Mg0.04,,,,,,,
"",1.51E-9,0.639,Fd3̅m,227,,168142,164
Ti1.56)O4,,,,,,,
Li2MnCl4,4.79E-6,,Fd3̅m,227,,69678,166
Li MgCl  2 4,6.24E-7,,Fd3̅m,227,,74957,166
Li1.9Mn0.9Ga0.1Cl4,2.37E-7,,Fd3̅m,227,,50305,198
Li1.65Mn0.65In0.35Cl4,9.9E-8,,Fd3̅m,227,,50306,198
LiCdCl4,5.80E-07,0.44,Fd3̅m,227,,74958,199
LiSrNb2O6F,<1E-10,0.604,Fd3̅m,227,,236009,200
LiSrTa2O6F,<1E-10,0.604,Fd3̅m,227,,236010,200
LiSr0.9Nb2O6F0.8,<1E-10,0.709,Fd3̅m,227,,236011,200
LiSr0.9Ta2O6F0.8,<1E-10,0.76,Fd3̅m,227,,236012,200
Li1.1SrNb1.9Zr0.1O6F,<1E-10,0.622,Fd3̅m,227,,236013,200
Li1.1SrTa1.9Zr0.1O6F,<1E-10,0.693,Fd3̅m,227,,236014,200
Li6SrLa2Nb2O12,4.2E-6,0.5,Ia3̅d,230,,157628,159
Li6CaLa2Nb2O12,1.6E-6,0.55,Ia3̅d,230,,161386,159
Li5.25Ba0.25La2.75Ta2O12,6.03E-6,0.479,Ia3̅d,230,,,201
Li 5.5 Ba 0.5 La 2.5 Ta O 2 12,1.35E-5,0.455,Ia3̅d,230,,,201
Li 6.25 Ba 1.25 La1.75Ta2O12,5.05E-5,0.395,Ia3̅d,230,,,201
Li6.5Ba1.5La1.5Ta2O12,3.2E-5,0.402,Ia3̅d,230,,,201
Li 6.75 Ba 1.75 La 1.25 Ta O 2 12,1.25E-5,0.418,Ia3̅d,230,,,201
Li Ba LaTa O 7 2 2 12,3.00E-6,0.442,Ia3̅d,230,,,201
Li5La3Ta2O12,4.33E-6,0.50,Ia3̅d,230,,154400,201
Li6BaLa2Ta2O12,3.02E-5,0.419,Ia3̅d,230,,237201,201
Li7La3Zr1.89Al0.15O12,3.4E-4,0.334,Ia3̅d,230,,,202
Li7.06La3Y0.06Zr1.94O12,9.56E-4,0.26,Ia3̅d,230,,,203
Li 6.25 La Zr Ga 3 2 0.25 O 12,3.5E-4,,Ia3̅d,230,,,204
Li7La3Zr2O12,1.2E-4,,Ia3̅d,230,,,205
Li6.8La3Zr1.8Ta0.2O12,2.8E-4,,Ia3̅d,230,,,205
Li6.6La3Zr1.6Ta0.4O12,7.3E-4,,Ia3̅d,230,,,205
Li6.5La3Zr1.5Ta0.5O12,9.2E-4,,Ia3̅d,230,,,205
Li 6.4 La Zr 3 1.4 Ta0.6O12,1.0E-3,0.35,Ia3̅d,230,,,205
Li6.2La3Zr1.2Ta0.8O12,3.2E-4,,Ia3̅d,230,,,205
Li6La3ZrTaO12,1.6E-4,,Ia3̅d,230,,,205
Li7La3Zr2O12,1.2E-4,,Ia3̅d,230,,,205
Li6.8La3Zr1.8Ta0.2O12,2.8E-4,,Ia3̅d,230,,,205
Li6.6La3Zr1.6Ta0.4O12,7.3E-4,,Ia3̅d,230,,,205
Li6.5La3Zr1.5Ta0.5O12,9.2E-4,,Ia3̅d,230,,,205
Li6.4La3Zr1.4Ta0.6O12,1E-3,0.35,Ia3̅d,230,,,205
Li6.2La3Zr1.2Ta0.8O12,3.2E-4,,Ia3̅d,230,,,205
Li6La3ZrTaO12,1.6E-4,,Ia3̅d,230,,,205
Li6.8La3Zr1.8Ta0.2O12,7.8E-4,,Ia3̅d,230,,,206
Li6.75La3Zr1.75Ta0.25O12,8.8E-4,,Ia3̅d,230,,,206
Li6.65La3Zr1.65Ta0.35O12,7.7E-4,,Ia3̅d,230,,,206
Li6.6La3Zr1.6Ta0.4O12,7.2E-4,,Ia3̅d,230,,,206
Li6.55La3Zr1.55Ta0.45O12,6.9E-4,,Ia3̅d,230,,,206
Li6La3ZrTaO12,4.4E-4,,Ia3̅d,230,,,206
Li5La3Ta2O12,1.6E-4,,Ia3̅d,230,,,206
Li6.7La3Zr1.7Ta0.3O12,9.6E-4,0.37,Ia3̅d,230,,,206
Li6.5La3Zr1.5Ta0.5O12,6.7E-4,,Ia3̅d,230,,183686,206
Li6.05Ga0.25La3Zr2O11.8F0,,,,,,,
"",1.28E-3,0.28,Ia3̅d,230,,,207
.2,,,,,,,
Li5.72Al0.26La3Zr1.5W0.25O,,,,,,,
"",4.9E-4,0.35,Ia3̅d,230,,,208
12,,,,,,,
Li6.8La3Zr1.9Mo0.1O12,8.00E-5,0.46,Ia3̅d,230,,,209
Li6.6La3Zr1.8Mo0.2O12,3.11E-4,0.48,Ia3̅d,230,,,209
Li6.4La3Zr1.7Mo0.3O12,3.69E-4,0.49,Ia3̅d,230,,,209
Li6.2La3Zr1.6Mo0.4O12,3.40E-4,0.48,Ia3̅d,230,,,209
Li6.5La3Zr1.75Mo0.25O12,3.33E-4,0.39,Ia3̅d,230,,239128,209
Li6.75La3Zr1.875Te0.125O12,3.30E-4,0.41,Ia3̅d,230,,,210
Li6.5La3Zr1.75Te0.25O12,1.02E-3,0.38,Ia3̅d,230,,,210
Li6.375La3Zr1.375Nb0.625O1,,,,,,,
"",1.37E-3,0.25,Ia3̅d,230,,,211
2,,,,,,,
Li5La3Ta2O12,1.2E-6,0.56,Ia3̅d,230,,154400,212
Li5La3Nb2O12,1E-5,0.43,Ia3̅d,230,,171171,212
Li5La3Bi2O12,4.00E-05,0.47,Ia3̅d,230,,158372,213
Li6La2SrBi2O12,5.20E-05,0.43,Ia3̅d,230,,158373,213
Li Nd5 3Sb2O12,1.3E-7,0.67,Ia3̅d,230,,159426,214
Li4Nd3TeSbO12,1.96E-6,0.64,Ia3̅d,230,,159732,215
Li La Sb O5 3 2 12,8.2E-6,0.51,Ia3̅d,230,,161342,216
Li6SrLa2Sb2O12,6.6E-6,0.54,Ia3̅d,230,,161343,216
Li6(La2Ca)(NbO6)2,1.33E-6,,Ia3̅d,230,,161386,217
Li6(La2Sr)(NbO6)2,3.69E-6,,Ia3̅d,230,,161387,217
Li6CaLa2Ta2O12,2.2E-6,0.5,Ia3̅d,230,,163860,218
Li6BaLa2Ta2O12,1.3E-5,0.44,Ia3̅d,230,,163861,218
Li6.15La3Zr1.75Ta0.25Ga0.2,,,,,,,
"",4.1E-4,0.27,Ia3̅d,230,,,219
O12,,,,,,,
Li6.15La3Zr1.75Ta0.25Al0.2,,,,,,,
"",3.7E-4,0.30,Ia3̅d,230,,,219
O12,,,,,,,
Li6.75La3Zr1.75Ta0.25O12,8.7E-4,0.22,Ia3̅d,230,,183873,219
Li 6.16 Al 0.28 La Zr O 3 2 12,6.1E-4,0.34,Ia3̅d,230,,185539,220
Li7La3Zr2O12,1.97E-6,0.49,Ia3̅d,230,,,221
Li7La3Zr2O12-0.5wt% Al,1.58E-4,,Ia3̅d,230,,,221
Li La Zr O 7 3 2 12-0.9wt% Al,3.2E-4,0.34,Ia3̅d,230,,,221
Li 6.06 Al 0.2 La Zr O 3 2 12,4E-4,0.34,Ia3̅d,230,,185539,221
Li6BaLa2Ta2O12,2.45E-5,0.40,Ia3̅d,230,,185602,222
Nd3Zr2Al0.5Li5.5O12,3.9E-5,0.56,Ia3̅d,230,,189530,223
(Li 6.26 Al0.24)La3Zr2O12,3.1E-4,0.33,Ia3̅d,230,,195182,224
Li6La3Nb 1.5 Y 0.5 O 12,1.88E-4,,Ia3̅d,230,,237141,225
Li5.2La3Nb1.9Y0.1O12,6.39E-5,,Ia3̅d,230,,237143,225
Li5.4La3Nb1.8Y0.2O12,6.74E-5,,Ia3̅d,230,,237144,225
Li5.5La3Nb1.75Y0.25O12,9.18E-5,,Ia3̅d,230,,237145,225
Li6.5La3Nb1.25Y0.75O12,3.43E-4,,Ia3̅d,230,,237146,225
Li6Ba0.5Sr0.5La2Ta2O12,7.1E-6,0.45,Ia3̅d,230,,237199,226
Li6SrLa2Ta2O12,5.4E-6,0.45,Ia3̅d,230,,237200,226
Li6BaLa2Ta2O12,1.5E-5,0.47,Ia3̅d,230,,237201,226
Li6CaLa2Ta2O12,2.2E-6,0.47,Ia3̅d,230,,237202,226
Li BaLa Ta O 6 2 2 12,4E-5,0.4,Ia3̅d,230,,,227
Li6SrLa2Ta2O12,7E-6,0.5,Ia3̅d,230,,,227
Li6SrLa2Ta2O12,7E-6,0.5,Ia3̅d,230,,237200,227
Li6BaLa2Ta2O12,4E-5,0.4,Ia3̅d,230,,237201,227
Li5.74La3Zr1.5Ta0.5O12,9.03E-4,0.435,Ia3̅d,230,,239663,228
La3Li5.08Ta1.51Zr0.39O12,1.03E-4,0.536,Ia3̅d,230,,239664,228
Li51.2Al1.6La24Zr16O96,2.54E-4,0.36,Ia3̅d,230,,241475,229
Li49.6Al1.6La24Zr14.4Ta1.6,,,,,,,
"",6.14E-4,0.29,Ia3̅d,230,,241476,229
O96,,,,,,,
Li6.5La3Hf1.5Ta0.5O12,4.0E-4,0.40,Ia3̅d,230,,258921,230
Li6.5La3Sn1.5Ta0.5O12,1.9E-4,0.45,Ia3̅d,230,,258922,230
Li5La3Ta2O12,1.59E-5,,Ia3̅d,230,,259164,231
Li5.3La3Ta1.85Sm0.15O12,7.11E-6,,Ia3̅d,230,,259165,231
Li5.5La3Ta1.75Sm0.25O12,5.17E-6,,Ia3̅d,230,,259166,231
Li5.70La3Ta1.65Sm0.35O12,2.15E-5,,Ia3̅d,230,,259167,231
Li 5.90 La Ta 3 1.55 Sm0.45O12,1.18E-5,,Ia3̅d,230,,259168,231
Li 6.10 La Ta3 1.45Sm0.55O12,1.40E-5,,Ia3̅d,230,,259169,231
"",,,,,“cubic,,
Li7La3Zr2O12,5.69E-04,0.36,Ia3̅d,230,,422259,232
"",,,,,LLZO”,,
Li La5 3Nb2O12,4.99e-6,,Ia3̅d,230,,,233
Li5La3Nb1.95Y0.05O12,1.32E-5,,Ia3̅d,230,,,233
Li La Nb 5 3 1.9 Y 0.1 O 12,1.43E-5,,Ia3̅d,230,,,233
Li5La3Nb1.85Y0.15O12,5.85E-6,,Ia3̅d,230,,,233
Li5La3Nb1.8Y0.2O12,9.05E-6,,Ia3̅d,230,,,233
Li5La3Nb1.75Y0.25O12,9.42E-6,,Ia3̅d,230,,,233
Li6.24La3Zr2Al0.24O11.98,4.0E-4,0.26,Ia3̅d,230,,,234
Li7La3Zr2O12-0.3Ga,3.8E-5,0.37,Ia3̅d,230,,,235
Li7La3Zr2O12-0.4Ga,4.4E-5,0.36,Ia3̅d,230,,,235
Li7La3Zr2O12-0.5Ga,8.9E-5,0.36,Ia3̅d,230,,,235
Li7La3Zr2O12-Ga,5.4E-4,0.32,Ia3̅d,230,,,235
La3Zr2Ga0.5Li5.5O12,1E-4,,Ia3̅d,230,,,236
Li 6.8 La Zr 3 1.8 Sb 0.2 O12,5.9E-5,0.39,Ia3̅d,230,,,237
Li6.6La3Zr1.6Sb0.4O12,7.7E-4,0.34,Ia3̅d,230,,,237
Li6.4La3Zr1.4Sb0.6O12,6.6E-4,0.36,Ia3̅d,230,,,237
Li6.2La3Zr1.2Sb0.8O12,4.5E-4,0.37,Ia3̅d,230,,,237
Li6La3ZrSbO12,2.6E-4,0.38,Ia3̅d,230,,,237
Li6.5La3Zr1.75Te0.25O12-,,0.33,,,,,
"",4E-4,,Ia3̅d,230,,,238
0.07Al,,,,,,,
Li6.65La2.75Ba0.25Zr1.4Ta0.,,0.26,,,,,
"",5.27E-4,,Ia3̅d,230,,,239
5Nb0.1O12,,,,,,,
Li6.4La3Zr1.4Ta0.6O12,7.24E-4,0.24,Ia3̅d,230,,,239
Li6.4La3Zr1.4Ta0.5Nb0.1O1,,0.27,,,,,239
"",4.44E-4,,Ia3̅d,230,,,
2,,,,,,,
Li6.4La3Zr1.4Ta0.4Nb0.2O1,,0.28,,,,,239
"",4.55E-4,,Ia3̅d,230,,,
2,,,,,,,
Li6.4La3Zr1.4Ta0.3Nb0.3O1,,0.26,,,,,239
"",6.06E-4,,Ia3̅d,230,,,
2,,,,,,,
Li7La Zr O 3 2 12,1.74E-4,0.26,Ia3̅d,230,,,239
Li3Nd3Te2O12,<1E-10,1.22,Ia3̅d,230,,,240
Li7.131La3Zr2O 12 Al 0.244,7.73E-5,,Ia3̅d,230,,,241
Li6.949La3Zr2O12Al0.262,2.25E-4,,Ia3̅d,230,,,241
Li6.835La Zr3 2O12Al0.231,2.20E-4,,Ia3̅d,230,,,241
Li6.660La3Zr2O12Al0.258,1.51E-4,,Ia3̅d,230,,,241
Li6.75La3Zr1.75Ta0.25O12,4.1E-4,0.42,Ia3̅d,230,,,121
Li6.5La3Zr1.5Ta0.5O12,6.1E-4,0.4,Ia3̅d,230,,,121
Li6La3ZrTaO12,2.1E-4,0.42,Ia3̅d,230,,,121
Li3Gd3Te2O12,<1E-10,,Ia3̅d,230,,,242
Li3Tb3Te2O12,<1E-10,,Ia3̅d,230,,,242
Li3Er3Te2O12,<1E-10,,Ia3̅d,230,,,242
Li3Lu3Te2O12,<1E10,,Ia3̅d,230,,,242
Li2S*P2S5,3.2E-03,,,,,,4
0.7Li2S-0.3P2S5,5.4E-5,,,,,,4
Li3.8Ge0.8P0.2S4,1.75E-6,0.466,,,,,14
Li3.6Ge0.6P0.4S4,1.74E-4,0.339,,,,,14
Li3.4Ge0.4P0.6S4,6.53E-4,0.275,,,,,14
Li 3.35 Ge 0.35 P 0.65 S  4,1.53E-3,0.229,,,,,14
Li3.3Ge0.3P0.7S4,1.76E-3,0.221,,,,,14
Li3.2Ge0.2P0.8S4,5.57E-4,0.275,,,,,14
Li2.9Ca0.05InBr6,2.16E-4,,,,,,25
Li2.86Ca0.07InBr6,4.04E-4,,,,,,25
Li2.8Ca0.1InBr6,3.00E-4,,,,,,25
Li2.7Ca0.15InBr6,6.97E-5,,,,,,25
Li3.9Zn0.05GeS4,2.72E-7,0.517,,,,,71
Li3.8Zn0.1GeS4,9.95E-8,0.545,,,,,71
Li3.6Zn0.2GeS4,5.90E-8,0.539,,,,,71
Li GeS2 3,9.7E-9,,,,,,71
Li2ZnGeS4,1.4E-9,,,,,,71
Li9.6P3S12,1.2E-3,0.259,,,,,102
Li1.3Al0.3Ge1.7(PO4)3,8.24E-5,0.386,,,,,133
Li1.6Al0.6Ge1.4(PO4)3,2.84E-4,0.430,,,,,133
LiTi2(PO4)3-0.2Li2O,2.4E-4,,,,,,134
LiTi2(PO4)3-0.3Li2O,1.5E-3,,,,,,134
LiTi2(PO4) -0.4Li O 3 2,1.3E-4,,,,,,134
Li1.3Al0.3Ti1.7(PO4)3-,,,,,,,134
"",3.5E-4,,,,,,
0.3Li2O,,,,,,,
LiTi2(PO4)3-0.1Li4P2O7,1.6E-4,,,,,,134
Li1.4Al0.4Ti1.6 (PO4)3,3.38E-3,0.30,,,LATP,,243
Li1.2Ge0.2Ti1.8(PO4)3,7.94E-5,0.27,,,LAGP,,243
Li1.5Ge0.5Ti1.5(PO4)3,1.90E-4,0.33,,,LAGP,,243
Li1.2Al0.2Ti1.8(PO4)3,3.38E-3,0.28,,,LATP,427619,243
Li3ClO,0.85E-3,0.26,,,,,194
Li3Cl0.5Br0.5O,1.94E-3,0.18,,,,,194
Li OCl 3,1.47E-4,0.26,,,,,194
Li3OCl0.5Br0.5,9.49E-4,0.18,,,,,194
Li6.6La2.6Ce0.4Zr2O12,1.44E-5,0.48,,,,,244
Li1.4Al0.4Ti1.6(PO4)3,1.1E-03,,,,,,245
80Li2S * 20P2S5,7.2E-04,,,,,,246
0.8Li2S-0.2P2S5,7.2E-4,,,,,,246
0.75Li2S-0.25P2S5,2.8E-4,,,,,,246
Li2S*P2S5*P2S3,5.4E-03,,,,,,247
Li2S*P2S5*Li3N,1.4E-03,,,,,,248
Li5La3Nb1.9Y0.1O12,1.44E-5,0.55,,,,,233
Li7La3Zr2O12,2.35E-4,0.339,,,,,249
Li6.88La3Zr1.88Nb0.12O12,5.99E-4,0.319,,,,,249
Li6.75La3Zr1.75Nb0.25O12,7.71E-4,0.3,,,,,249
Li6.62La3Zr1.62Nb0.38O12,4.41E-4,0.31,,,,,249
Li6.5La3Zr1.5Nb0.5O12,2.98E-4,0.319,,,,,249
Li6La3ZrNbO12,1.50E-4,0.42,,,,,249
Li5La3Nb2O12,3E-5,0.44,,,,,249
Li7La3Hf2O12,2.4E-4,0.29,,,,,250
Li7GePS8,7E-3,0.22,,,,,251
Li10(Ge0.95Si0.05)P2S12,8.63E-3,0.251,,,,,252
Li10(Ge0.9Si0.1)P2S12,8.07E-3,0.26,,,,,252
Li10(Ge0.8Si0.2)P2S12,7.28E-3,0.261,,,,,252
Li 10 (Ge 0.7 Si 0.3 )P S 2 12,5.82E-3,0.265,,,,,252
Li10(Ge0.6Si0.4)P2S12,5.24E-3,0.28,,,,,252
Li10(Ge0.5Si0.5)P2S12,4.2E-3,0.284,,,,,252
Li10(Ge0.2Si0.8)P2S12,4.81E-3,0.269,,,,,252
Li10(Ge0.95Sn0.05)P2S12,7.8E-3,0.254,,,,,252
Li 10 (Ge 0.9 Sn 0.1 )P S 2 12,7.53E-3,0.256,,,,,252
Li10(Ge0.8Sn0.2)P2S12,7.06E-3,0.252,,,,,252
Li10(Ge0.7Sn0.3)P2S12,6.49E-3,0.254,,,,,252
Li 10 (Ge 0.5 Sn0.5)P2S12,6.17E-3,0.249,,,,,252
Li10(Ge0.4Sn0.6)P2S12,5.76E-3,0.265,,,,,252
Li 10 (Ge 0.3 Sn 0.7 )P S 2 12,5.56E-3,0.261,,,,,252
Li10(Ge0.2Sn0.8)P2S12,4.77E-3,0.269,,,,,252
0.5(Li2O) * 0.5(P2O5),1.1E-9,0.71,,,,,253
0.58(Li2O) * 0.5(P2O5),2E-8,0.60,,,,,253
0.6(Li O) * 0.5(P O ) 2 2 5,3E-8,0.61,,,,,253
0.63(Li2O) * 0.5(P2O5),1.3E-7,0.56,,,,,253
0.66(Li2O) * 0.5(P2O5),2.3E-7,0.55,,,,,253
0.7(Li2O) * 0.5(P2O5),3E-7,0.57,,,,,253
0.2(Li2S) 0.8(GeS2),1.1E-7,0.52,,,,,253
0.3(Li2S) 0.7(GeS2),9.3E-7,0.48,,,,,253
0.4(Li S) 0.6(GeS ) 2 2,2.9E-6,0.42,,,,,253
0.5(Li2S) 0.5(GeS2),3.3E-5,0.35,,,,,253
0.6(Li2S) 0.4(GeS2),9.2E-5,0.32,,,,,253
0.63(Li2S) 0.37(GeS2),1.5E-4,0.34,,,,,253
0.66(Li2S) 0.34(GeS2),1.0E-4,0.37,,,,,253
0.7(Li2S) 0.3(GeS2),1.2E-4,0.34,,,,,253
Li2O-P2O5,1.1E-9,0.71,,,,,253
0.58Li2O-0.42P2O5,2.0E-8,0.60,,,,,253
0.6Li2O-0.4P2O5,3.0E-8,0.61,,,,,253
0.63Li2O-0.37P2O5,1.3E-7,0.56,,,,,253
0.66Li2O-0.34P2O5,2.3E-7,0.55,,,,,253
0.7Li O-0.3P O2 2 5,3.0E-7,0.57,,,,,253
0.2Li S-0.8GeS2 2,1.1E-7,0.52,,,,,253
0.3Li2S-0.7GeS2,9.3E-7,0.48,,,,,253
0.4Li S-0.6GeS  2 2,2.9E-6,0.42,,,,,253
0.5Li2S-0.5GeS2,3.3E-5,0.35,,,,,253
0.6Li2S-0.4GeS  2,9.2E-5,0.32,,,,,253
0.63Li2S-0.37GeS2,1.5E-4,0.34,,,,,253
0.66Li2S-0.34GeS2,1.0E-4,0.37,,,,,253
0.7Li S-0.3GeS  2 2,1.2E-4,0.34,,,,,253
Li6.55La3Zr2Ga0.15O12,1.3E-3,0.3,,,,,254
Li6.40La3Zr2Ga0.2O12,9E-4,0.3,,,,,254
Li6.10La3Zr2Ga0.25O12,7E-5,0.3,,,,,254
Li 6.8 La Zr3 1.8Sb0.2O12,5.9E-5,0.39,,,,,255
Li 6.6 La Zr 3 1.6 Sb0.4O12,7.7E-4,0.34,,,,,255
Li6.4La3Zr1.4Sb0.6O12,6.6E-4,0.36,,,,,255
Li6.2La3Zr1.2Sb0.8O12,4.5E-4,0.37,,,,,255
Li6La3ZrSbO12,2.6E-4,0.38,,,,,255
Li(In0.62Li1.38)Br 3.92,4.9E-6,0.58,,,,,256
Li3InBr6,1.77E-4,,,,,,257
Li3InBr4Cl2,7.58E-6,,,,,,257
Li InBr Cl  3 3 3,1.14E-4,,,,,,257
Li3InBr2.5Cl3.5,3.60E-6,,,,,,257
Li3InBr2Cl4,6.89E-8,,,,,,257
Li1.8Mg1.1Cl4,1.52E-6,,,,,,258
Li 1.6 Mg 1.2 Cl  4,3.07E-6,,,,,,258
Li1.34Mg1.33Cl4,3.07E-6,,,,,,258
Li1.9Mn1.05Cl4,4.61E-6,,,,,,258
Li1.72Mn1.14Cl4,3.62E-6,,,,,,258
Li1.6Mn1.2Cl4,1.45E-5,,,,,,258
Li 1.52 Mn 1.24 Cl  4,1.85E-5,,,,,,258
Li1.34Mn1.33Cl4,9.57E-6,,,,,,258
Li1.94Cl1.03Cl4,2.56E-6,,,,,,258
Li1.90Cd1.05Cl4,3.50E-6,,,,,,258
Li2OHBrF,7.10E-7,,,,,,259
Li2OHBr0.99F0.01,9.16E-7,,,,,,259
Li2OHBr0.98F0.02,1.11E-6,,,,,,259
Li2OHBr0.95F0.05,6.75E-7,,,,,,259
Li2OHBr0.9F0.1,6.80E-7,,,,,,259
Li OHBr 2 0.8 F 0.2,5.44E-7,,,,,,259
Li3(OH)2Cl,2.72E-8,0.88,,,,,260
Li5(OH)3Cl2,2.52E-8,0.75,,,,,260
Li2OHCl,4.28E-8,0.56,,,,,260
Li5(OH)2Cl3,1.48E-7,0.49,,,,,260
Li3OHCl2,8.92E-8,0.67,,,,,260
Li3.7Zn0.15GeO4,4.63E-7,,,,,,261
Li3.5Zn0.25GeO4,2.42E-7,,,,,,261
Li3.1Zn0.45GeO4,9.89E-8,,,,,,261
Li2.8Zn0.6GeO4,1.27E-7,,,,,,261
Li2.6Zn0.7GeO4,5.79E-8,,,,,,261
Li2.3Zn0.85GeO4,4.23E-9,,,,,,261
Li7La2.75Ca0.25Zr1.75Nb0.2,,,,,,,
"",2.2E-4,0.35,,,,,262
5O12,,,,,,,
Li1.5Cr0.5Ti1.5(PO4)3,1.98E-4,0.29,,,,,263
Li3V2(PO4)3,2.09E-7,,,,,,263
Li3V1.8Al0.2(PO4)3,1.88E-6,,,,,,263
Li V3 1.6Al0.4(PO4)3,6.21E-6,,,,,,263
Li3V1.4Al0.6(PO4)3,9.34E-7,,,,,,263
Li7P2.9Mn0.1S10.7I0.3,5.6E-3,0.22,,,,,264
0.3 Li2S * 0.7 SiS2,1.6E-6,0.46,,,,,265
0.4 Li2S * 0.6 SiS2,2.8E-5,0.38,,,,,265
0.5 Li2S * 0.5 SiS  2,1.0E-4,0.32,,,,,265
0.6 Li S * 0.4 SiS  2 2,5.0E-4,0.25,,,,,265
(2Li2S-P2S5),1.12E-4,,,,,,266
(2Li2S-P2S5)0.85(LiI)0.15,2.35E-4,,,,,,266
(2Li2S-P2S5)0.75(LiI)0.25,3.96E-4,,,,,,266
(2Li2S-P2S5)0.60(LiI)0.40,7.60E-4,,,,,,266
(2Li S-P S ) 2 2 5 0.55 (LiI) 0.45,1.12E-3,,,,,,266
0.14 SiS2-0.09 P2S5-,,,,,,,
"",1.32E-3,0.34,,,,,267
0.47 Li2S-0.30 LiI,,,,,,,
0.26B2S3 – 0.3Li2S –,,,,,,,
"",1.57E-3,0.3,,,,,268
0.44LiI,,,,,,,
0.26B2S3 – 0.31Li S – 2,,,,,,,268
"",7.99E-4,0.33,,,,,
0.43LiI,,,,,,,
0.27B S2 3 – 0.32Li2S –,,,,,,,268
"",4.25E-4,0.35,,,,,
0.41LiI,,,,,,,
0.5 SiS2-0.5 Li2S,1.5E-4,0.34,,,,,269
0.1 LiBr-0.45 SiS -0.45 2,,,,,,,269
"",1.9E-4,0.30,,,,,
Li2S,,,,,,,
0.2 LiBr-0.4 SiS2-0.4,,,,,,,269
"",2.1E-4,0.33,,,,,
Li2S,,,,,,,
0.25 LiBr-0.38 SiS2-,,,,,,,269
"",2.4E-4,0.31,,,,,
0.38 Li2S,,,,,,,
0.3 LiBr-0.3 SiS2-0.35,,,,,,,269
"",3.2E-4,0.33,,,,,
Li2S,,,,,,,
0.35 LiBr-0.33 SiS -2,,,,,,,269
"",2.3E-4,0.38,,,,,
0.33 Li2S,,,,,,,
0.4 LiBr-0.3 SiS2-0.3,,,,,,,269
"",1.1E-4,0.42,,,,,
Li2S,,,,,,,
SiS2-Li2S,1.20E-4,0.35,,,,,270
0.9(SiS2-Li2S)-0.1LiCl,1.84E-4,0.34,,,,,270
0.8(SiS2-Li2S)-0.2LiCl,2.35E-4,0.33,,,,,270
0.75(SiS -Li S)-2 2,,,,,,,270
"",2.66E-4,0.35,,,,,
0.25LiCl,,,,,,,
0.7(SiS2-Li2S)-0.3LiCl,2.33E-4,0.35,,,,,270
0.65(SiS -Li S)-2 2,,,,,,,270
"",1.78E-4,0.36,,,,,
0.35LiCl,,,,,,,
0.6(SiS2-Li2S)-0.4LiCl,0.93E-4,0.34,,,,,270
(0.4SiS2-0.6Li2S),5.3E-4,0.33,,,,,271
0.9(0.4SiS2-0.6Li2S)-,,,,,,,271
"",6.5E-4,0.31,,,,,
0.1LiI,,,,,,,
0.8(0.4SiS2-0.6Li2S)-,,,,,,,271
"",7.7E-4,0.30,,,,,
0.2LiI,,,,,,,
0.7(0.4SiS2-0.6Li2S)-,,,,,,,
"",1.15E-3,0.29,,,,,271
0.3LiI,,,,,,,
0.6(0.4SiS2-0.6Li2S)-,,,,,,,
"",1.78E-3,0.28,,,,,271
0.4LiI,,,,,,,
0.55(0.4SiS2-0.6Li2S)-,,,,,,,271
"",1.41E-3,0.29,,,,,
0.45LiI,,,,,,,
0.24SiS2-0.36Li2S-,,,,,,,
"",1.8E-3,0.28,,,,,272
0.4LiI,,,,,,,
0.28SiS2-0.42Li2S-,,,,,,,
"",1.8E-3,0.31,,,,,273
0.30LiI,,,,,,,
0.14SiS2-0.09P2S5-,,,,,,,273
"",2.1E-3,0.34,,,,,
0.47Li2S-0.30LiI,,,,,,,
0.27SiS2-0.03Al2S3-,,,,,,,273
"",1.2E-3,0.34,,,,,
0.30Li2S-0.40LiI,,,,,,,
0.21SiS2-0.09B2S3-,,,,,,,273
"",1.7E-3,0.30,,,,,
0.30Li2S-0.40LiI,,,,,,,
0.30Li2S-0.7GeS2,4.4E-7,0.63,,,,,274
0.40Li2S-0.60GeS2,3.2E-6,0.52,,,,,274
0.50Li2S-0.50GeS2,4.0E-5,0.51,,,,,274
0.3Li2S-0.7P2S5,1.7E-2,0.18,,,,,275
0.7Li2S-0.3P2S5,3.2E-3,0.12,,,,,276
0.6Li S-0.4P S2 2 5,1.5E-4,0.31,,,,,277
0.95(0.6Li2S-0.4SiS2)-,,,,,,,
"",1.58E-3,0.34,,,,,278
0.05Li4SiO4,,,,,,,
0.9(0.6Li2S-0.4SiS2)-,,,,,,,278
"",4.34E-4,0.37,,,,,
0.1Li4SiO4,,,,,,,
0.8(0.6Li2S-0.4SiS2)-,,,,,,,278
"",1.59E-4,0.43,,,,,
0.2Li4SiO4,,,,,,,
0.95(0.6Li2S-0.4SiS2)-,,,,,,,278
"",8.68E-4,0.35,,,,,
0.05Li3PO4,,,,,,,
0.7(0.6Li2S-0.4SiS )- 2,,,,,,,278
"",2.08E-5,0.46,,,,,
0.3Li3PO4,,,,,,,
0.6(0.6Li2S-0.4SiS2)-,,,,,,,278
"",5.33E-6,0.51,,,,,
0.4Li3PO4,,,,,,,
0.95(0.6Li2S-0.4SiS2)-,,,,,,,278
"",1.19E-3,0.28,,,,,
0.05Li4GeO4,,,,,,,
0.9(0.6Li2S-0.4SiS2)-,,,,,,,278
"",3.18E-4,0.35,,,,,
0.1Li4GeO4,,,,,,,
0.85(0.6Li2S-0.4SiS )- 2,,,,,,,278
"",1.14E-4,0.40,,,,,
0.15Li4GeO4,,,,,,,
0.95(0.6Li2S-0.4SiS2)-,,,,,,,278
"",1.44E-3,0.33,,,,,
0.05Li3BO3,,,,,,,
0.93(0.6Li S-0.4SiS )-2 2,,,,,,,278
"",3.84E-4,0.35,,,,,
0.07Li3BO3,,,,,,,
0.85(0.6Li2S-0.4SiS2)-,,,,,,,278
"",3.42E-4,0.36,,,,,
0.15Li3BO3,,,,,,,
0.75(0.6Li2S-0.4SiS )-2,,,,,,,278
"",7.06E-5,0.38,,,,,
0.25Li3BO3,,,,,,,
0.95(0.6Li S-0.4SiS )-2 2,,,,,,,278
"",1.31E-3,0.31,,,,,
0.05Li3AlO3,,,,,,,
0.94(0.6Li2S-0.4SiS2)-,,,,,,,278
"",6.83E-4,0.34,,,,,
0.06Li3AlO3,,,,,,,
0.92(0.6Li2S-0.4SiS )-2,,,,,,,278
"",4.04E-4,0.34,,,,,
0.08Li3AlO3,,,,,,,
0.825(0.6Li2S-0.4SiS2)-,,,,,,,278
"",1.31E-4,0.36,,,,,
0.175Li3AlO3,,,,,,,
0.975(0.6Li2S-0.4SiS2)-,,,,,,,278
"",6.82E-4,0.31,,,,,
0.025Li3GaO3,,,,,,,
0.95(0.6Li2S-0.4SiS2)-,,,,,,,278
"",3.25E-4,0.32,,,,,
0.05Li3GaO3,,,,,,,
0.92(0.6Li2S-0.4SiS2)-,,,,,,,278
"",3.03E-4,0.35,,,,,
0.08Li3GaO3,,,,,,,
0.89(0.6Li S-0.4SiS )-2 2,,,,,,,278
"",1.13E-4,0.38,,,,,
0.11Li3GaO3,,,,,,,
0.97(0.6Li2S-0.4SiS2)-,,,,,,,278
"",3.09E-4,0.34,,,,,
0.03Li3InO3,,,,,,,
0.95(0.6Li2S-0.4SiS )-2,,,,,,,278
"",3.25E-4,0.35,,,,,
0.05Li3InO3,,,,,,,
0.9(0.6Li2S-0.4SiS )-2,,,,,,,278
"",6.84E-5,0.40,,,,,
0.1Li3InO3,,,,,,,
0.95(0.6Li2S-0.4SiS2)-,,,,,,,
"",1.54E-3,0.38,,,,,279
0.05Li4SiO4,,,,,,,
0.9(0.6Li2S-0.4SiS2)-,,,,,,,
"",4.39E-4,0.40,,,,,279
0.1Li4SiO4,,,,,,,
0.95(0.6Li S-0.4SiS )-2 2,,,,,,,279
"",4.53E-4,0.41,,,,,
0.05Li2SO4,,,,,,,
0.9(0.6Li S-0.4SiS2 2)-,,,,,,,279
"",4.70E-5,0.45,,,,,
0.1Li2SO4,,,,,,,
0.5Li2O-0.1TiO2-,,,,,,,
"",5.67E-8,0.56,,,,,280
0.4P2O5,,,,,,,
0.5025Li2O-,,,,,,,280
0.0025Al2O3-,1.56E-8,0.55,,,,,
0.095TiO2-0.4P2O5,,,,,,,
0.505Li2O-0.005Al2O3-,,,,,,,280
"",1.78E-7,0.50,,,,,
0.09TiO2-0.4P2O5,,,,,,,
0.5075Li2O-,,,,,,,280
0.0075Al2O3-,2.51E-7,0.57,,,,,
0.085TiO2-0.4P2O5,,,,,,,
0.51Li2O-0.01Al2O3-,,,,,,,280
"",1.58E-7,0.55,,,,,
0.08TiO2-0.4P2O5,,,,,,,
0.515Li2O-0.015Al2O -3,,,,,,,280
"",1.25E-7,0.56,,,,,
0.07TiO2-0.4P2O5,,,,,,,
0.525Li2O-0.025Al O -2 3,,,,,,,280
"",2.17E-7,0.56,,,,,
0.05TiO2-0.4P2O5,,,,,,,
0.53Li O-0.03Al O -2 2 3,,,,,,,280
"",2.72E-7,0.54,,,,,
0.04TiO2-0.4P2O5,,,,,,,
0.54Li O-0.04Al O -2 2 3,,,,,,,280
"",1.97E-7,0.55,,,,,
0.02TiO2-0.4P2O5,,,,,,,
0.545Li2O-0.045Al O -2 3,,,,,,,280
"",7.14E-8,0.56,,,,,
0.01TiO2-0.4P2O5,,,,,,,
0.95(0.6Li2S-0.4SiS2)-,,,,,,,
"",1.51E-3,0.34,,,,,281
0.05Li4SiO4,,,,,,,
0.90(0.6Li2S-0.4SiS2)-,,,,,,,281
"",4.34E-4,0.37,,,,,
0.1Li4SiO4,,,,,,,
0.8(0.6Li2S-0.4SiS2)-,,,,,,,281
"",1.63E-4,0.43,,,,,
0.2Li4SiO4,,,,,,,
0.95(0.6Li2S-0.4SiS )-2,,,,,,,281
"",9.32E-4,0.35,,,,,
0.05Li3PO4,,,,,,,
0.9(0.6Li2S-0.4SiS )-2,,,,,,,281
"",4.55E-4,0.37,,,,,
0.1Li3PO4,,,,,,,
0.7(0.6Li2S-0.4SiS2)-,,,,,,,281
"",2.08E-5,0.46,,,,,
0.3Li3PO4,,,,,,,
0.6(0.6Li2S-0.4SiS2)-,,,,,,,
"",5.33E-6,0.51,,,,,281
0.4Li3PO4,,,,,,,
0.95(0.6Li2S-0.4SiS )-2,,,,,,,281
"",1.21E-3,0.28,,,,,
0.05Li4GeO4,,,,,,,
0.9(0.6Li2S-0.4SiS2)-,,,,,,,281
"",3.18E-4,0.34,,,,,
0.1Li4GeO4,,,,,,,
0.85(0.6Li2S-0.4SiS2)-,,,,,,,281
"",1.14E-4,0.41,,,,,
0.15Li4GeO4,,,,,,,
Li PS  7 6,8.0E-5,,,,,,282
0.7Li2S-0.3P2S5,3.2E-3,0.12,,,,,283
0.95(0.6Li2S-0.4SiS2)-,,,,,,,
"",1.40E-3,,,,,,284
0.05Li3BO3,,,,,,,
0.93(0.6Li S-0.4SiS )-2 2,,,,,,,284
"",3.71E-4,,,,,,
0.07Li3BO3,,,,,,,
0.85(0.6Li S-0.4SiS )-2 2,,,,,,,284
"",3.39E-4,,,,,,
0.15Li3BO3,,,,,,,
0.75(0.6Li2S-0.4SiS2)-,,,,,,,
"",7.15E-5,,,,,,284
0.25Li3BO3,,,,,,,
0.95(0.6Li2S-0.4SiS2)-,,,,,,,284
"",1.22E-3,,,,,,
0.05Li3AlO3,,,,,,,
0.94(0.6Li2S-0.4SiS )-2,,,,,,,284
"",6.67E-4,,,,,,
0.06Li3AlO3,,,,,,,
0.92(0.6Li S-0.4SiS )-2 2,,,,,,,284
"",3.94E-4,,,,,,
0.08Li3AlO3,,,,,,,
0.825(0.6Li S-0.4SiS )-2 2,,,,,,,284
"",1.25E-4,,,,,,
0.175Li3AlO3,,,,,,,
0.975(0.6Li2S-0.4SiS )-2,,,,,,,284
"",7.05E-4,,,,,,
0.025Li3GaO3,,,,,,,
0.95(0.6Li S-0.4SiS )-2 2,,,,,,,284
"",3.36E-4,,,,,,
0.05Li3GaO3,,,,,,,
0.92(0.6Li2S-0.4SiS2)-,,,,,,,284
"",3.06E-4,,,,,,
0.08Li3GaO3,,,,,,,
0.89(0.6Li S-0.4SiS )-2 2,,,,,,,284
"",1.20E-4,,,,,,
0.11Li3GaO3,,,,,,,
0.97(0.6Li S-0.4SiS )-2 2,,,,,,,284
"",3.11E-4,,,,,,
0.03Li3InO3,,,,,,,
0.95(0.6Li2S-0.4SiS2)-,,,,,,,284
"",2.99E-4,,,,,,
0.05Li3InO3,,,,,,,
0.90(0.6Li2S-0.4SiS2)-,,,,,,,284
"",6.81E-5,,,,,,
0.10Li3InO3,,,,,,,
(0.67Li2S-0.33SiS2)-,,,,,,,
"",1.2E-3,0.28,,,,,285
(0.75Li2S-0.25P2S5),,,,,,,
0.2Li3N-0.8SiS2,1.46E-6,0.45,,,,,286
0.3Li3N-0.7SiS2,2.97E-5,0.36,,,,,286
0.4Li3N-0.6SiS2,2.74E-4,0.30,,,,,286
0.5Li3N-0.5SiS2,4.47E-5,0.34,,,,,286
0.6Li3N-0.4SiS2,2.25E-8,0.63,,,,,286
0.6Li2S-0.4P S2 3,5.70E-6,,,,,,287
0.63Li2S-0.37P2S3,2.55E-5,,,,,,287
0.667Li2S-0.333P2S3,1.1E-4,0.40,,,,,287
0.7Li2S-0.3P2S3,7.90E-5,,,,,,287
0.75Li2S-0.25P2S3,5.08E-5,,,,,,287
0.6Li2S-0.4SiS2,5.1E-4,0.33,,,,,288
0.555Li2S-0.4SiS -2,,,,,,,288
"",1.5E-3,0.28,,,,,
0.045Li3N,,,,,,,
0.525Li S-0.4SiS -2 2,,,,,,,288
"",9.6E-4,0.29,,,,,
0.075Li3N,,,,,,,
0.1Li2O-0.1LiCl-,,,,,,,
0.65B2O3-0.1SiO2-,1.9E-4,0.427,,,,,289
0.05Al2O3,,,,,,,
0.75Li O-0.25P2S5 2,1.80E-5,0.48,,,,,290
0.75(0.7Li2O-0.3Li2S)-,,,,,,,290
"",2.42E-5,0.48,,,,,
0.25P2S5,,,,,,,
0.75(0.5Li2O-0.5Li2S)-,,,,,,,290
"",2.83E-5,0.46,,,,,
0.25P2S5,,,,,,,
0.75(0.4Li2O-0.6Li S)-2,,,,,,,290
"",4.99E-5,0.44,,,,,
0.25P2S5,,,,,,,
0.75(0.3Li2O-0.7Li2S)-,,,,,,,290
"",8.89E-5,0.40,,,,,
0.25P2S5,,,,,,,
0.75(0.2Li O-0.8Li S)-2 2,,,,,,,290
"",1.63E-4,0.38,,,,,
0.25P2S5,,,,,,,
0.75(0.1Li2O-0.9Li2S)-,,,,,,,
"",2.27E-4,0.36,,,,,290
0.25P2S5,,,,,,,
0.75Li2S-0.25P2S5,1.80E-4,0.41,,,,,290
0.45Li2-0.55SiS2,1.08E-4,0.40,,,,,291
0.5Li2-0.5SiS2,3.36E-4,0.32,,,,,291
0.55Li2-0.45SiS2,6.53E-4,0.30,,,,,291
0.60Li2-0.4SiS2,1.19E-3,0.29,,,,,291
0.63Li2-0.37SiS2,1.05E-3,0.30,,,,,291
0.65Li2-0.35SiS2,7.41E-4,0.33,,,,,291
0.95(0.5Li2-0.5SiS2)-,,,,,,,291
"",4.27E-4,0.38,,,,,
0.05(0.5Li2O-0.5P2O5),,,,,,,
0.95(0.53Li2-0.47SiS )-2,,,,,,,291
0.05(0.53Li2O-,5.91E-4,0.33,,,,,
0.47P2O5),,,,,,,
0.95(0.55Li2-0.45SiS )-2,,,,,,,291
0.05(0.55Li2O-,1.01E-3,0.34,,,,,
0.45P2O5),,,,,,,
0.95(0.58Li -0.42SiS2 2)-,,,,,,,291
0.05(0.58Li2O-,1.06E-3,0.34,,,,,
0.42P2O5),,,,,,,
0.95(0.6Li2-0.4SiS2)-,,,,,,,291
"",1.01E-3,0.27,,,,,
0.05(0.6Li2O-0.4P2O5),,,,,,,
0.95(0.63Li2-0.37SiS )-2,,,,,,,291
0.05(0.63Li2O-,8.71E-4,0.33,,,,,
0.37P2O5),,,,,,,
0.95(0.65Li -0.35SiS )-2 2,,,,,,,291
0.05(0.65Li2O-,5.34E-4,0.32,,,,,
0.35P2O5),,,,,,,
0.95(0.67Li2-0.33SiS2)-,,,,,,,291
0.05(0.67Li2O-,1.99E-4,0.37,,,,,
0.33P2O5),,,,,,,
0.8(0.55Li2-0.45SiS2)-,,,,,,,291
"",7.88E-5,0.41,,,,,
0.2(0.55Li2O-0.45P2O5),,,,,,,
0.8(0.6Li -0.4SiS )-2 2,,,,,,,291
"",7.69E-5,0.41,,,,,
0.2(0.6Li2O-0.4P2O5),,,,,,,
0.8(0.65Li2-0.35SiS )-2,,,,,,,291
"",5.21E-5,0.42,,,,,
0.2(0.65Li2O-0.35P2O5),,,,,,,
0.65Li S-0.35P2 2S5,4.14E-5,,,,,,292
0.675Li S-0.325P S  2 2 5,7.84E-5,,,,,,292
0.7Li2S-0.3P2S5,1.58E-3,0.39,,,,,292
0.725Li2S-0.275P2S5,4.51E-4,,,,,,292
0.75Li2S-0.25P2S5,3.67E-4,,,,,,292
0.6Li S-0.4SiS  2 2,1.69E-4,,,,,,293
0.1LiI-0.9(0.6Li S-2,,,,,,,293
"",2.35E-4,,,,,,
0.4SiS2),,,,,,,
0.2LiI-0.8(0.6Li2S-,,,,,,,293
"",3.52E-4,,,,,,
0.4SiS2),,,,,,,
0.3LiI-0.7(0.6Li S-2,,,,,,,293
"",7.42E-4,,,,,,
0.4SiS2),,,,,,,
0.5Li2S-0.5SiS2,1.58E-6,,,,,,293
0.1LiI-0.9(0.5Li S-2,,,,,,,293
"",3.99E-5,,,,,,
0.5SiS2),,,,,,,
0.2LiI-0.8(0.6Li2S-,,,,,,,293
"",1.23E-4,,,,,,
0.4SiS2),,,,,,,
0.3LiI-0.7(0.6Li2S-,,,,,,,293
"",3.62E-4,,,,,,
0.4SiS2),,,,,,,
Li6Si2S7,4.11E-4,0.37,,,,,294
0.95Li6Si2S7-,,,,,,,294
"",4.11E-4,0.35,,,,,
0.05Li6B4O9,,,,,,,
0.9Li6Si2S7-0.1Li6B4O9,3.76E-4,0.39,,,,,294
0.875Li6Si S -2 7,,,,,,,294
"",2.77E-4,0.39,,,,,
0.125Li6B4O9,,,,,,,
0.75Li Si S -6 2 7,,,,,,,294
"",1.42E-4,0.40,,,,,
0.25Li6B4O9,,,,,,,
0.95Li6Si2S7-,,,,,,,294
"",4.90E-4,0.37,,,,,
0.05Li6B4S9,,,,,,,
0.925Li Si S -6 2 7,,,,,,,294
"",3.65E-4,0.38,,,,,
0.075Li6B4S9,,,,,,,
0.9Li6Si2S7-0.1Li6B4S9,4.73E-4,0.38,,,,,294
0.875Li6Si2S7-,,,,,,,294
"",4.40E-4,0.37,,,,,
0.125Li6B4S9,,,,,,,
0.75Li6Si2S7-,,,,,,,294
"",5.02E-4,0.36,,,,,
0.25Li6B4S9,,,,,,,
0.63Li6Si S -2 7,,,,,,,294
"",4.39E-4,0.39,,,,,
0.37Li6B4S9,,,,,,,
(Li2S)60(SiS2)28(P2S5)12,1.23E-3,0.34,,,,,295
Li7La3Zr2O12–5 wt%,,,,,,,
"",2.5E-6,0.51,,,,,120
LiPO3,,,,,,,
Li7La3Zr2O12–3 wt%,,,,,,,120
"",1.5E-5,0.44,,,,,
65Li2O·27B2O3·8SiO2,,,,,,,
Li7La3Zr2O12–5 wt%,,,,,,,120
40.2Li2O·5.7Y2O3·54.1,2.5E-5,0.39,,,,,
SiO2,,,,,,,
0.6Li2S-0.4P2S5,3.32E-6,0.52,,,,,296
0.667Li2S-0.333P2S5,3.836E-5,0.44,,,,,296
0.7Li2S-0.3P2S5,3.77E-5,0.45,,,,,296
0.75Li2S-0.25P2S5,2.79E-4,0.40,,,,,296
0.8Li2S-0.2P2S5,1.32E-4,0.44,,,,,296
(0.75Li2S-0.25P2S5),2.68E-4,0.26,,,,,297
0.95(0.75Li2S-,,,,,,,297
"",3.98E-4,0.25,,,,,
0.25P2S5)-0.05LiBH4,,,,,,,
0.89(0.75Li S-2,,,,,,,297
"",6.18E-4,0.26,,,,,
0.25P2S5)-0.11LiBH4,,,,,,,
0.67(0.75Li S-2,,,,,,,297
"",1.13E-3,0.21,,,,,
0.25P2S5)-0.33LiBH4,,,,,,,
Li7P2.9S10.85Mo0.01,4.8E-3,0.24,,,,,298
Li7P3S11,2.6E-3,0.29,,,,,298
Li7P2.9Mn0.1S10.7I0.3,5.6E-3,0.22,,,,,299
Li11AlP2S12,8.02E-4,0.26,,,,,300
Li PS  3 4,1.78E-4,0.33,,,,,301
Li PS  – 2 wt% Al O  3 4 2 3,2.27E-4,0.35,,,,,301
Li3PS4 – 5 wt% Al2O3,1.96E-4,0.35,,,,,301
Li3PS4 – 8 wt% Al2O3,1.60E-4,0.36,,,,,301
Li3PS4 – 10 wt% Al2O3,1.50E-4,0.36,,,,,301
Li3PS  – 30 wt% Al O  4 2 3,9.96E-5,0.36,,,,,301
Li3PS4 – 50 wt% Al2O3,9.38E-7,0.44,,,,,301
Li3PS4 – 70 wt% Al2O3,3.92E-8,0.60,,,,,301
Li3PS4 – 90 wt% Al2O3,1.54E-9,0.79,,,,,301
Li3PS4 – 2 wt% SiO2,2.28E-4,0.32,,,,,301
Li3PS4 – 5 wt% SiO2,1.96E-4,0.33,,,,,301
Li3PS4 – 8 wt% SiO2,1.60E-4,0.33,,,,,301
Li3PS4 – 10 wt% SiO2,1.50E-4,0.33,,,,,301
Li3PS4 – 30 wt% SiO2,1.00E-4,0.35,,,,,301
Li PS  – 50 wt% SiO  3 4 2,3.80E-5,0.36,,,,,301
Li3PS4 – 70 wt% SiO2,5.92E-6,0.38,,,,,301
Li3PS4 – 90 wt% SiO2,8.53E-9,0.41,,,,,301
Li3PS4 – 5 wt%,,,,,,,301
"",2.28E-4,0.29,,,,,
Li6ZnNb4O14,,,,,,,
Li3PS4 – 10 wt%,,,,,,,301
"",2.43E-4,0.31,,,,,
Li6ZnNb4O14,,,,,,,
Li3PS4 – 15 wt%,,,,,,,301
"",2.41E-4,0.32,,,,,
Li6ZnNb4O14,,,,,,,
Li3PS4 – 20 wt%,,,,,,,301
"",2.22E-4,0.33,,,,,
Li6ZnNb4O14,,,,,,,
Li PS  – 30 wt% 3 4,,,,,,,301
"",1.87E-4,0.34,,,,,
Li6ZnNb4O14,,,,,,,
Li3PS4 – 50 wt%,,,,,,,301
"",1.42E-4,0.36,,,,,
Li6ZnNb4O14,,,,,,,
Li3PS4 – 70 wt%,,,,,,,301
"",7.23E-5,0.38,,,,,
Li6ZnNb4O14,,,,,,,
Li3PS4 – 90 wt%,,,,,,,301
"",2.99E-7,0.40,,,,,
Li6ZnNb4O14,,,,,,,
Li3PS4,1.46E-4,0.38,,,,,302
Li PS3 4 – 10 wt%,,,,,,,302
"",2.96E-4,0.36,,,,,
Li7La3Zr2O12,,,,,,,
Li3PS4 – 20 wt%,,,,,,,302
"",3.70E-4,0.35,,,,,
Li7La3Zr2O12,,,,,,,
Li3PS4 – 25 wt%,,,,,,,302
"",4.10E-4,0.35,,,,,
Li7La3Zr2O12,,,,,,,
Li3PS4 – 30 wt%,,,,,,,302
"",5.38E-4,0.36,,,,,
Li7La3Zr2O12,,,,,,,
Li3PS4 – 35 wt%,,,,,,,302
"",4.00E-4,0.36,,,,,
Li7La3Zr2O12,,,,,,,
Li PS 3 4 – 40 wt%,,,,,,,302
"",3.33E-4,0.36,,,,,
Li7La3Zr2O12,,,,,,,
Li3PS4 – 60 wt%,,,,,,,302
"",2.19E-4,0.40,,,,,
Li7La3Zr2O12,,,,,,,
Li3PS4 – 70 wt%,,,,,,,302
"",1.26E-5,0.43,,,,,
Li7La3Zr2O12,,,,,,,
Li3PS4 – 90 wt%,,,,,,,302
"",6.04E-6,0.44,,,,,
Li7La3Zr2O12,,,,,,,
Li7La3Zr2O12,5.20E-8,0.47,,,,,302
Li3.45Ge0.45P0.55S3.1Se0.9,9.8E-4,,,,,,303
Li3.4Ge0.4P0.6S3.2Se0.8,1.17E-3,,,,,,303
Li 3.35 Ge 0.35 P 0.65 S 3.3 Se 0.7,1.20E-3,,,,,,303
Li3.3Ge0.3P0.7S3.4Se0.6,1.33E-3,,,,,,303
Li3.25Ge0.25P0.75S3.5Se0.5,5.03E-4,,,,,,303
Li3.20Ge0.20P0.8S3.6Se0.4,1.08E-3,,,,,,303
Li3.15Ge0.15P0.85S3.7Se0.3,8.16E-4,,,,,,303
Li3.1Ge0.1P0.9S3.8Se0.2,1.13E-3,,,,,,303
Li3.05Ge0.05P0.95S3.9Se0.1,1.41E-3,,,,,,303
Li3PS4,9.35E-4,,,,,,303
0.8Li2O-0.2P2S5,1.54E-5,,,,,,304
0.05Li2S-0.75Li2O-,,,,,,,304
"",1.39E-5,,,,,,
0.2P2S5,,,,,,,
0.1Li2S-0.7Li2O-,,,,,,,304
"",1.59E-5,,,,,,
0.2P2S5,,,,,,,
0.15Li2S-0.65Li2O-,,,,,,,304
"",2.32E-5,,,,,,
0.2P2S5,,,,,,,
0.2Li2S-0.6Li2O-,,,,,,,304
"",2.89E-5,,,,,,
0.2P2S5,,,,,,,
0.25Li2S-0.55Li O-2,,,,,,,304
"",3.80E-5,,,,,,
0.2P2S5,,,,,,,
0.3Li2S-0.5Li2O-,,,,,,,304
"",4.35E-5,,,,,,
0.2P2S5,,,,,,,
0.35Li2S-0.45Li2O-,,,,,,,304
"",5.26E-5,,,,,,
0.2P2S5,,,,,,,
0.4Li2S-0.4Li2O-,,,,,,,304
"",4.45E-5,,,,,,
0.2P2S5,,,,,,,
0.45Li2S-0.35Li2O-,,,,,,,304
"",6.35E-5,,,,,,
0.2P2S5,,,,,,,
0.5Li2S-0.3Li O-2,,,,,,,304
"",8.11E-5,,,,,,
0.2P2S5,,,,,,,
0.55Li2S-0.25Li2O-,,,,,,,304
"",1.12E-4,,,,,,
0.2P2S5,,,,,,,
0.6Li2S-0.2Li O-2,,,,,,,304
"",1.12E-4,,,,,,
0.2P2S5,,,,,,,
0.65Li S-0.15Li O-2 2,,,,,,,304
"",1.13E-4,,,,,,
0.2P2S5,,,,,,,
0.7Li2S-0.1Li2O-,,,,,,,304
"",1.09E-4,,,,,,
0.2P2S5,,,,,,,
0.75Li2S-0.05Li O-2,,,,,,,304
"",1.43E-4,,,,,,
0.2P2S5,,,,,,,
0.8Li2S-0.2P2S  5,2.99E-4,,,,,,304
0.75Li2O-0.25P2S5,1.55E-5,,,,,,304
0.05Li2S-0.7Li2O-,,,,,,,304
"",1.42E-5,,,,,,
0.25P2S5,,,,,,,
0.1Li2S-0.65Li2O-,,,,,,,304
"",2.52E-5,,,,,,
0.25P2S5,,,,,,,
0.15Li2S-0.6Li O-2,,,,,,,304
"",2.67E-5,,,,,,
0.25P2S5,,,,,,,
0.2Li S-0.55Li O-2 2,,,,,,,304
"",2.74E-5,,,,,,
0.25P2S5,,,,,,,
0.25Li2S-0.5Li2O-,,,,,,,304
"",3.80E-5,,,,,,
0.25P2S5,,,,,,,
0.3Li2S-0.45Li2O-,,,,,,,304
"",5.88E-5,,,,,,
0.25P2S5,,,,,,,
0.35Li2S-0.4Li2O-,,,,,,,304
"",1.33E-5,,,,,,
0.25P2S5,,,,,,,
0.4Li2S-0.35Li2O-,,,,,,,304
"",2.44E-5,,,,,,
0.25P2S5,,,,,,,
0.45Li2S-0.3Li2O-,,,,,,,304
"",2.30E-5,,,,,,
0.25P2S5,,,,,,,
0.5Li2S-0.25Li2O-,,,,,,,304
"",9.56E-6,,,,,,
0.25P2S5,,,,,,,
0.55Li2S-0.2Li O-2,,,,,,,304
"",7.06E-5,,,,,,
0.25P2S5,,,,,,,
0.6Li2S-0.15Li2O-,,,,,,,304
"",9.27E-5,,,,,,
0.25P2S5,,,,,,,
0.65Li S-0.1Li O-2 2,,,,,,,304
"",1.15E-4,,,,,,
0.25P2S5,,,,,,,
0.7Li2S-0.05Li2O-,,,,,,,304
"",9.76E-5,,,,,,
0.25P2S5,,,,,,,
0.75Li2S-0.25P2S5,1.60E-4,,,,,,304
0.7Li2O-0.3P2S5,5.78E-11,,,,,,304
0.05Li2S-0.65Li O-2,,,,,,,304
"",1.51E-8,,,,,,
0.3P2S5,,,,,,,
0.1Li2S-0.6Li O-2,,,,,,,304
"",7.78E-8,,,,,,
0.3P2S5,,,,,,,
0.15Li2S-0.55Li2O-,,,,,,,304
"",2.90E-7,,,,,,
0.3P2S5,,,,,,,
0.2Li S-0.5Li O-2 2,,,,,,,304
"",1.67E-5,,,,,,
0.3P2S5,,,,,,,
0.25Li2S-0.45Li2O-,,,,,,,304
"",8.64E-7,,,,,,
0.3P2S5,,,,,,,
0.3Li2S-0.4Li O-2,,,,,,,304
"",1.62E-6,,,,,,
0.3P2S5,,,,,,,
0.35Li2S-0.35Li O-2,,,,,,,304
"",3.68E-6,,,,,,
0.3P2S5,,,,,,,
0.4Li2S-0.3Li2O-,,,,,,,304
"",5.86E-6,,,,,,
0.3P2S5,,,,,,,
0.45Li2S-0.25Li2O-,,,,,,,304
"",5.10E-6,,,,,,
0.3P2S5,,,,,,,
0.5Li2S-0.2Li O-2,,,,,,,304
"",8.33E-6,,,,,,
0.3P2S5,,,,,,,
0.55Li S-0.15Li O-2 2,,,,,,,304
"",1.01E-5,,,,,,
0.3P2S5,,,,,,,
0.6Li S-0.1Li O-2 2,,,,,,,304
"",2.29E-5,,,,,,
0.3P2S5,,,,,,,
0.65Li2S-0.05Li2O-,,,,,,,304
"",2.48E-5,,,,,,
0.3P2S5,,,,,,,
0.7Li2S- 0.3P S2 5,5.34E-5,,,,,,304
0.9Li PS ·10ZnO 3 4,2.9E-4,,,,,,305
0.7Li2S-0.3P2S5,7.10E-4,0.23,,,,,306
0.7Li2S-0.29P S -2 5,,,,,,,306
"",1.83E-3,0.19,,,,,
0.01Li3PO4,,,,,,,
0.7Li2S-0.28P2S5-,,,,,,,306
"",9.89E-4,0.21,,,,,
0.02Li3PO4,,,,,,,
0.7Li2S-0.27P2S5-,,,,,,,306
"",4.40E-4,0.25,,,,,
0.03Li3PO4,,,,,,,
0.7Li2S-0.25P2S -5,,,,,,,306
"",2.67E-4,0.29,,,,,
0.05Li3PO4,,,,,,,
0.7Li2S-0.3P2S5,1.67E-3,0.23,,,,,307
0.99(0.7Li2S-0.3P2S5)-,,,,,,,307
"",2.86E-3,0.18,,,,,
0.01Li2ZrO3,,,,,,,
0.98(0.7Li2S-0.3P2S5)-,,,,,,,307
"",1.22E-3,0.25,,,,,
0.02Li2ZrO3,,,,,,,
0.95(0.7Li2S-0.3P2S5)-,,,,,,,307
"",7.42E-4,0.29,,,,,
0.05Li2ZrO3,,,,,,,
Li2.7PO3.9,7E-8,0.68,,,,,308
Li3.6(Si0.19P0.82)O4.2,2.0E-7,0.57,,,,,308
Li3.1PO3.8N0.16,2.00E-6,0.57,,,,,308
Li3.3PO3.8N0.22,2.40E-6,0.56,,,,,308
Li2.9PO3.3N0.46,3.30E-6,0.54,,,,,308
Li4.4PO4.3,9.39E-7,0.64,,,,,309
Li4.0PO3.9N0.4,1.70E-6,0.62,,,,,309
Li3.7PO3.4N0.7,2.36E-6,0.60,,,,,309
Li3.5PO3.2N0.8,2.59E-6,0.59,,,,,309
Li3.4PO3.1N0.9,2.81E-6,0.58,,,,,309
Li3.2PO3.0N,2.99E-6,0.57,,,,,309
Li 2.9 PO2.6N0.91,2.1E-6,0.52,,,,,310
Li 1.8 PO 1.2 N 1.5,1.7E-6,0.49,,,,,310
Li3.3PO2.9N0.83,3.1E-6,0.47,,,,,310
0.45B S -0.55Li2 3 2S,8.19E-5,0.23,,,,,311
0.815(0.45B S -2 3,,,,,,,311
"",3.08E-4,0.20,,,,,
0.55Li2S)-0.185LiI,,,,,,,
0.69(0.45B2S3-,,,,,,,311
"",7.58E-4,0.23,,,,,
0.55Li2S)-0.31LiI,,,,,,,
0.33B2S3-0.67Li2S,2.26E-4,0.31,,,,,311
0.95(0.33B2S3-,,,,,,,311
"",4.37E-4,0.29,,,,,
0.67Li2S)-0.05LiI,,,,,,,
0.9(0.33B2S3-,,,,,,,311
"",4.81E-4,0.28,,,,,
0.67Li2S)-0.1LiI,,,,,,,
0.85(0.33B S -2 3,,,,,,,311
"",4.92E-4,0.28,,,,,
0.67Li2S)-0.15LiI,,,,,,,
0.75(0.33B S2 3-,,,,,,,311
"",6.10E-4,0.27,,,,,
0.67Li2S)-0.25LiI,,,,,,,
0.66(0.33B2S3-,,,,,,,311
"",5.22E-4,0.32,,,,,
0.67Li2S)-0.34LiI,,,,,,,
0.6(0.33B2S3-,,,,,,,311
"",4.89E-4,0.35,,,,,
0.67Li2S)-0.4LiI,,,,,,,
0.29B2S3-0.71Li S 2,2.71E-4,0.32,,,,,311
0.95(0.29B S -2 3,,,,,,,311
"",3.72E-4,0.31,,,,,
0.71Li2S)-0.05LiI,,,,,,,
0.875(0.29B S2 3-,,,,,,,311
"",6.27E-4,0.29,,,,,
0.71Li2S)-0.125LiI,,,,,,,
0.78(0.29B2S3-,,,,,,,311
"",6.56E-4,0.29,,,,,
0.71Li2S)-0.22LiI,,,,,,,
0.64(0.29B S -2 3,,,,,,,311
"",8.10E-4,0.36,,,,,
0.71Li2S)-0.36LiI,,,,,,,
0.25B2S3-0.75Li2S,3.03E-4,0.36,,,,,311
0.92(0.25B2S3-,,,,,,,311
"",3.83E-4,0.30,,,,,
0.75Li2S)-0.08LiI,,,,,,,
0.89(0.25B S -2 3,,,,,,,311
"",3.48E-4,0.33,,,,,
0.75Li2S)-0.11LiI,,,,,,,
0.5Li2S-0.5SiS2,4.80E-5,,,,,,312
0.985(0.5Li2S-0.5SiS )-2,,,,,,,312
"",6.28E-5,,,,,,
0.015Li3PO4,,,,,,,
0.975(0.5Li2S-0.5SiS2)-,,,,,,,312
"",8.76E-5,,,,,,
0.025Li3PO4,,,,,,,
0.95(0.5Li S-0.5SiS )-2 2,,,,,,,312
"",8.68E-5,,,,,,
0.05Li3PO4,,,,,,,
0.9(0.5Li2S-0.5SiS )-2,,,,,,,312
"",6.76E-5,,,,,,
0.1Li3PO4,,,,,,,
0.6Li2S-0.4SiS2,1.85E-4,,,,,,312
0.99(0.6Li2S-0.4SiS )-2,,,,,,,312
"",2.53E-4,,,,,,
0.01Li3PO4,,,,,,,
0.97(0.6Li2S-0.4SiS2)-,,,,,,,312
"",3.97E-4,,,,,,
0.03Li3PO4,,,,,,,
0.95(0.6Li2S-0.4SiS )-2,,,,,,,312
"",2.03E-4,,,,,,
0.05Li3PO4,,,,,,,
0.9(0.6Li S-0.4SiS2 2)-,,,,,,,312
"",5.20E-5,,,,,,
0.1Li3PO4,,,,,,,
0.61Li2S-0.39SiS2,5.24E-4,,,,,,312
0.99(0.61Li2S-,,,,,,,312
"",5.05E-4,,,,,,
0.39SiS2)-0.01Li3PO4,,,,,,,
0.985(0.61Li2S-,,,,,,,312
"",5.96E-4,,,,,,
0.39SiS2)-0.015Li3PO4,,,,,,,
0.98(0.61Li S-2,,,,,,,312
"",7.69E-4,,,,,,
0.39SiS2)-0.02Li3PO4,,,,,,,
0.975(0.61Li S-2,,,,,,,312
"",6.36E-4,,,,,,
0.39SiS2)-0.025Li3PO4,,,,,,,
0.97(0.61Li S-2,,,,,,,312
"",5.83E-4,,,,,,
0.39SiS2)-0.03Li3PO4,,,,,,,
0.95(0.61Li S-2,,,,,,,312
"",4.68E-4,,,,,,
0.39SiS2)-0.05Li3PO4,,,,,,,
0.9(0.61Li2S-0.39SiS2)-,,,,,,,312
"",1.28E-4,,,,,,
0.1Li3PO4,,,,,,,
0.99(0.65Li S-2,,,,,,,312
"",3.60E-4,,,,,,
0.35SiS2)-0.01Li3PO4,,,,,,,
0.97(0.65Li S-2,,,,,,,312
"",2.62E-4,,,,,,
0.35SiS2)-0.03Li3PO4,,,,,,,
0.95(0.65Li2S-,,,,,,,312
"",1.81E-4,,,,,,
0.35SiS2)-0.05Li3PO4,,,,,,,
0.9(0.65Li S-0.35SiS )-2 2,,,,,,,312
"",7.13E-5,,,,,,
0.1Li3PO4,,,,,,,
0.7Li2S-0.3P2S5,5.2E-3,,,,,,313
LiI,3.07E-7,,,,,,314
0.998LiI-0.002CaI2,9.80E-7,,,,,,314
0.99LiI-0.01CaI2,5.54E-6,0.43,,,,,314
LiI,2.74E-8,0.43,,,,,315
0.8LiI-0.2Al2O3,6.84E-6,0.35,,,,,315
0.7LiI-0.3Al2O3,2.07E-5,0.33,,,,,315
0.6LiI-0.4Al2O3,3.94E-5,0.33,,,,,315
0.5LiI-0.5Al O  2 3,2.58E-5,0.33,,,,,315
0.4LiI-0.6Al O  2 3,6.76E-6,0.37,,,,,315
Li3.5P0.5Si0.5O4,4.27E-7,0.57,,,,,19
Li3.5P0.5Ge0.5O4,7.89E-6,0.56,,,,,19
Li3.5As0.5Si0.5O4,4.05E-6,0.55,,,,,19
Li3.5V0.5Si0.5O  4,1.20E-5,0.53,,,,,19
Li 3.5 As 0.5 Ge 0.5 O  4,2.83E-5,0.51,,,,,19
Li3.5V0.5Ge0.5O4,3.00E-5,,,,,,19
Li3.5As 0.5 Ti0.5O4,3.22E-5,0.52,,,,,19
Li3.5As0.5V0.5O4,4.01E-5,0.49,,,,,19
LiHf2(PO4)3-0.1Li2O,1.12E-4,,,,,,19
LiHf2(PO4)3-0.2Li2O,2.78E-5,,,,,,19
LiHf2(PO ) -0.3Li4 3 2O,2.58E-5,,,,,,19
LiHf2(PO4)3-0.4Li O 2,3.40E-5,,,,,,19
LiTi (PO )  2 4 3,1.69E-6,0.30,,,,,316
0.95LiTi2(PO4) -3,,,,,,,316
"",5.52E-5,0.29,,,,,
0.05Li3PO4,,,,,,,
0.9LiTi2(PO4)3-,,,,,,,316
"",1.38E-4,0.28,,,,,
0.1Li3PO4,,,,,,,
0.8LiTi (PO2 4)3-,,,,,,,316
"",1.93E-4,0.31,,,,,
0.2Li3PO4,,,,,,,
0.7LiTi (PO2 4)3-,,,,,,,316
"",2.45E-4,0.30,,,,,
0.3Li3PO4,,,,,,,
0.95LiTi (PO )2 4 3-,,,,,,,316
"",3.59E-5,0.30,,,,,
0.05Li3BO3,,,,,,,
0.9LiTi (PO ) -2 4 3,,,,,,,316
"",2.54E-4,0.30,,,,,
0.1Li3BO3,,,,,,,
0.8LiTi2(PO ) -4 3,,,,,,,316
"",2.97E-4,0.30,,,,,
0.2Li3BO3,,,,,,,
0.7LiTi (PO2 4)3-,,,,,,,316
"",2.45E-4,0.29,,,,,
0.3Li3BO3,,,,,,,
0.5LiTi2(PO4)3-,,,,,,,316
"",2.73E-5,0.31,,,,,
0.5Li3BO3,,,,,,,
LiTi2(PO4)3,1.00E-4,,,,,,317
LiTi2(PO4)3-0.15LiPO4,6.00E-4,,,,,,317
LiTi (PO ) -0.3LiPO  2 4 3 4,9.92E-4,,,,,,317
LiTi2(PO4)3-0.6LiPO4,1.23E-3,,,,,,317
LiTi2(PO4)3-0.9LiPO4,1.10E-3,,,,,,317
LiTi2(PO4)3-0.15LiBO3,4.80E-4,,,,,,317
LiTi2(PO4)3-0.3LiBO  3,1.66E-3,,,,,,317
LiTi2(PO4)3-0.6LiBO3,1.12E-3,,,,,,317
LiTi2(PO4)3-0.9LiBO3,8.91E-4,,,,,,317
LiTi (PO ) -1.5LiBO  2 4 3 3,6.48E-4,,,,,,317
LiTi2(PO4)3-0.2Li2SO4,8.35E-4,,,,,,317
LiTi2(PO4)3-0.4Li2SO4,1.66E-3,,,,,,317
LiTi (PO ) -0.6Li SO  2 4 3 2 4,5.67E-4,,,,,,317
LiTi2(PO4)3-0.4LiCl,6.45E-4,,,,,,317
LiTi2(PO4)3-0.8LiCl,1.28E-3,,,,,,317
LiTi2(PO4)3-1.2LiCl,1.02E-3,,,,,,317
LiTi2(PO4)3-0.4LiNO3,1.18E-3,,,,,,317
LiTi2(PO4)3-0.8LiNO3,1.49E-3,,,,,,317
LiTi2(PO4)3-1.2LiNO3,9.95E-4,,,,,,317
Li0.39La0.54TiO3,1.08E-3,0.316,,,,,318
(Li0.39La 0.54 ) 1.006 Al0.006Ti0,,,,,,,318
"",1.13E-3,0.308,,,,,
.994O3,,,,,,,
(Li0.39La0.54)1.01Al0.02Ti0.9,,,,,,,318
"",1.58E-3,0.278,,,,,
8O3,,,,,,,
(Li0.39La0.54)1.03Al0.06Ti0.9,,,,,,,318
"",1.39E-3,0.290,,,,,
4O3,,,,,,,
(Li 0.39 La 0.54 ) 1.005 Cr 0.01 Ti0.,,,,,,,318
"",9.52E-4,0.300,,,,,
99O3,,,,,,,
(Li0.39La0.54)1.01Cr0.02Ti0.9,,,,,,,318
"",1.01E-3,0.315,,,,,
8O3,,,,,,,
(Li0.39La0.54)1.025Cr0.05Ti0.,,,,,,,318
"",1.04E-3,0.298,,,,,
95O3,,,,,,,
La 0.51 Li 0.34 TiO 2.94,1E-3,0.38,,,,,319
La 0.57 Li 0.26 TiO 2.99,1E-3,0.34,,,,,319
La0.6Li0.16TiO3.01,6.3E-4,0.33,,,,,319
La0.64Li0.067TiO3,7.9E-5,0.36,,,,,319
(La0.5Li0.5)0.95Sr0.05TiO3,1.49E-3,,,,,,319
(La0.5Li0.5)0.9Sr0.1TiO3,1.30E-3,,,,,,319
(La 0.5 Li 0.5 ) 0.75 Sr0.25TiO3,8.99E-5,,,,,,319
(La0.5Li0.5)0.95Ba0.05TiO3,7.61E-4,,,,,,319
La0.63Li0.1Mg0.5W0.5O3,1.69E-6,0.39,,,,,319
Li0.5La0.5TiO3,8.67E-4,0.28,,,,,320
Li0.5La0.5Ti0.98Sn0.02O3,4.86E-4,,,,,,320
Li0.5La0.5Ti0.96Sn0.04O3,3.89E-4,,,,,,320
Li0.5La0.5Ti0.94Sn0.06O3,3.52E-4,0.294,,,,,320
Li0.5La0.5Ti0.9Sn0.1O3,2.60E-4,,,,,,320
Li 0.5 La 0.5 Ti 0.98 Zr 0.02 O  3,4.16E-4,,,,,,320
Li0.5La0.5Ti0.96Zr0.04O3,2.86E-4,,,,,,320
Li0.5La0.5Ti0.94Zr0.06O3,2.23E-4,,,,,,320
Li0.5La0.5Ti0.9Zr0.1O3,7.05E-5,,,,,,320
Li0.5La0.5Ti0.998Mn0.002O3,9.12E-4,,,,,,320
Li 0.5 La 0.5 Ti0.996Mn0.004O3,9.64E-4,,,,,,320
Li0.5La0.5Ti0.994Mn0.006O3,1.08E-3,,,,,,320
Li0.5La0.5Ti0.992Mn0.008O3,1.13E-3,,,,,,320
Li 0.5 La0.5Ti0.99Mn0.01O3,1.13E-3,,,,,,320
Li0.5La0.5Ti0.998Ge0.002O3,9.12E-4,,,,,,320
Li0.5La0.5Ti0.996Ge0.004O3,9.64E-4,,,,,,320
Li0.5La0.5Ti0.994Ge0.006O3,1.08E-3,,,,,,320
Li 0.5 La 0.5 Ti0.992Ge0.008O3,1.13E-3,0.265,,,,,320
Li0.5La0.5Ti0.99Ge0.01O3,1.13E-3,,,,,,320
La0.58Li0.36Ti0.95Mg0.05O3,2.1E-4,0.29,,,,,321
La0.56Li0.36Ti0.95Al0.05O3,6.4E-4,0.26,,,,,321
La0.55Li0.36Ti0.95Mn0.05O3,1.9E-4,0.29,,,,,321
La 0.55 Li0.36Ti0.95Ge0.05O3,3.6E-4,0.29,,,,,321
La0.55Li0.36Ti0.95Ru0.05O3,5.2E-5,0.28,,,,,321
La0.51Li0.36Ti0.95W0.05O3,7.3E-4,0.27,,,,,321
La0.55Li 0.36 Ti 0.9 W 0.1 O  3,4.4E-4,0.27,,,,,321
La0.55Li0.36Ti0.995Al0.005O3,1.1E-3,0.28,,,,,321
La 0.55 Li 0.36 Ti 0.992 Al 0.008 O  3,6.5E-4,0.29,,,,,321
La0.54Li0.36Ti0.995W0.005O,,,,,,,321
"",2.6E-4,0.30,,,,,
3,,,,,,,
La0.54Li0.36TiO3,8.9E-4,0.29,,,,,321
La0.606Li0.06Ti0.94Al0.06O3,1.68E-6,0.36,,,,,322
La0.566Li0.1Ti0.9Al0.1O3,7.34E-6,0.35,,,,,322
La 0.516 Li 0.15 Ti 0.85 Al 0.15 O  3,9.66E-6,0.36,,,,,322
La0.466Li0.2Ti0.8Al0.2O3,4.28E-5,0.33,,,,,322
La0.416Li0.25Ti0.75Al0.25O3,7.66E-5,0.35,,,,,322
La0.366Li0.3Ti0.7Al0.3O3,1.72E-5,0.33,,,,,322
Li0.12Lao.63TiO3,2.00E-4,,,,,,323
Li 0.18 La o.61 TiO  3,4.43E-4,,,,,,323
Li0.24Lao.59TiO3,9.93E-4,,,,,,323
Li 0.3 La o.57 TiO  3,1.10E-3,,,,,,323
Li0.39Lao.54TiO3,1.02E-3,,,,,,323
Li0.45Lao.52TiO3,9.05E-4,,,,,,323
LiZr2(PO4)3,4.77E-7,,,,,,324
Li1.05Al0.05Zr1.9(PO4)3,5.79E-7,,,,,,324
Li1.1Al0.1Zr1.8(PO4)3,6.35E-7,,,,,,324
Li 1.2 Al 0.2 Zr1.6(PO4)3,1.90E-6,0.48,,,,,324
Li 1.225 Al0.225Zr1.55(PO4)3,2.13E-6,0.48,,,,,324
Li1.25Al0.25Zr1.5(PO4)  3,2.06E-6,0.48,,,,,324
Li1.275Al0.275Zr1.45(PO4)3,3.05E-6,0.48,,,,,324
Li 1.3 Al 0.3 Zr 1.4 (PO )  4 3,1.91E-6,0.48,,,,,324
LiHf2(P04)3,3.42E-6,,,,,,325
LiHfTi(P04)3,5.63E-7,,,,,,325
Lio.1Zr1.1Nb0.9P3O12,6E-6,,,,,,325
LiTi2(PO4)3,1.04E-7,,,,,,326
Li1.1Sc0.1Ti1.9(PO4)3,1.75E-5,,,,,,326
Li1.2Sc0.2Ti1.8(PO4)3,4.11E-5,0.34,,,,,326
Li1.3Sc0.3Ti1.7(PO4)3,4.06E-5,,,,,,326
Li1.4Sc0.4Ti1.6(PO4)3,9.43E-6,,,,,,326
Li1.5Sc0.5Ti1.5(PO4)3,5.42E-7,,,,,,326
Li1.1Y0.1Ti1.9(PO4)3,2.94E-7,,,,,,326
Li 1.2 Y 0.2 Ti 1.8 (PO )  4 3,7.95E-7,,,,,,326
Li1.3Y 0.3 Ti 1.7 (PO )  4 3,1.01E-6,0.40,,,,,326
Li 1.4 Y 0.4 Ti 1.6 (PO )  4 3,2.97E-7,,,,,,326
LiTi2(PO4)3-0.5LiF,2.318E-4,0.28,,,,,327
LiTi2(PO4)3,7.181E-6,0.48,,,,,327
14Li2O-9Al2O3-38TiO2-,,0.33,,,,,
"",1.3E-3,,,,,,328
39P2O5,,,,,,,
Li6.6La3Zr1.6Ta0.4O12,3.13E-4,0.38,,,,,329
Li 6.6 La2.875Y0.125Zr1.6Ta0.,,0.35,,,,,329
"",3.17E-4,,,,,,
4O12,,,,,,,
Li 6.6 La 2.75 Y0.25Zr1.6Ta0.4,,0.34,,,,,329
"",4.36E-4,,,,,,
O12,,,,,,,
Li6.6La2.5Y0.5Zr1.6Ta0.4O1,,0.39,,,,,329
"",2.26E-4,,,,,,
2,,,,,,,
Li ZrS  2 3,7.3E-6,,,,,,330
Li2.2Zn0.1Zr0.9S3,1.2E-4,,,,,,330
0.7Li2S-0.3P2S5,8.1E-5,0.425,,,,,12
Li7PS6,1.61E-6,0.16,,,,,176
